date,host,searches
2016-01-01,iOS,23833
2016-01-01,mobile_web,8708
2016-01-02,Android,1
2016-01-02,iOS,25793
2016-01-02,mobile_web,9012
2016-01-03,Android,5
2016-01-03,iOS,30181
2016-01-03,mobile_web,10810
2016-01-04,Android,23
2016-01-04,iOS,30813
2016-01-04,mobile_web,11571
2016-01-05,Android,2
2016-01-05,iOS,32686
2016-01-05,mobile_web,11506
2016-01-06,Android,15
2016-01-06,iOS,30060
2016-01-06,mobile_web,7600
2016-01-07,Android,9
2016-01-07,iOS,30269
2016-01-07,mobile_web,8192
2016-01-08,Android,2
2016-01-08,iOS,28034
2016-01-08,mobile_web,10447
2016-01-09,Android,1
2016-01-09,iOS,26034
2016-01-09,mobile_web,8160
2016-01-10,Android,1
2016-01-10,iOS,26732
2016-01-10,mobile_web,9208
2016-01-11,Android,10
2016-01-11,iOS,29001
2016-01-11,mobile_web,9638
2016-01-12,Android,3
2016-01-12,iOS,28923
2016-01-12,mobile_web,9850
2016-01-13,Android,9
2016-01-13,iOS,29108
2016-01-13,mobile_web,7579
2016-01-14,Android,6
2016-01-14,iOS,25887
2016-01-14,mobile_web,8263
2016-01-15,Android,2
2016-01-15,iOS,25429
2016-01-15,mobile_web,7049
2016-01-16,iOS,19569
2016-01-16,mobile_web,7591
2016-01-17,Android,0
2016-01-17,iOS,23925
2016-01-17,mobile_web,8971
2016-01-18,Android,5
2016-01-18,iOS,24237
2016-01-18,mobile_web,7757
2016-01-18,web,0
2016-01-19,Android,7
2016-01-19,iOS,23288
2016-01-19,mobile_web,8852
2016-01-20,Android,10
2016-01-20,iOS,21981
2016-01-20,mobile_web,8577
2016-01-21,Android,7
2016-01-21,iOS,24948
2016-01-21,mobile_web,8285
2016-01-22,Android,3
2016-01-22,iOS,24726
2016-01-22,mobile_web,6224
2016-01-23,iOS,19533
2016-01-23,mobile_web,7494
2016-01-24,iOS,24128
2016-01-24,mobile_web,8674
2016-01-25,Android,10
2016-01-25,iOS,22200
2016-01-25,mobile_web,8002
2016-01-26,Android,4
2016-01-26,iOS,24062
2016-01-26,mobile_web,7041
2016-01-27,Android,5
2016-01-27,iOS,22074
2016-01-27,mobile_web,6720
2016-01-28,Android,4
2016-01-28,iOS,21349
2016-01-28,mobile_web,6743
2016-01-29,Android,10
2016-01-29,iOS,22255
2016-01-29,mobile_web,6548
2016-01-30,Android,10
2016-01-30,iOS,24413
2016-01-30,mobile_web,7498
2016-01-31,Android,11
2016-01-31,iOS,20425
2016-01-31,mobile_web,8654
2016-02-01,Android,20
2016-02-01,iOS,27024
2016-02-01,mobile_web,7888
2016-02-02,Android,21
2016-02-02,iOS,23327
2016-02-02,mobile_web,8356
2016-02-03,Android,24
2016-02-03,iOS,22379
2016-02-03,mobile_web,8670
2016-02-04,Android,16
2016-02-04,iOS,25576
2016-02-04,mobile_web,8047
2016-02-05,Android,42
2016-02-05,iOS,20778
2016-02-05,mobile_web,7556
2016-02-06,Android,32
2016-02-06,iOS,19500
2016-02-06,mobile_web,8478
2016-02-07,Android,41
2016-02-07,iOS,22104
2016-02-07,mobile_web,9725
2016-02-08,Android,477
2016-02-08,iOS,29750
2016-02-08,mobile_web,8285
2016-02-09,Android,529
2016-02-09,iOS,26339
2016-02-09,mobile_web,8492
2016-02-10,Android,623
2016-02-10,iOS,29808
2016-02-10,mobile_web,8749
2016-02-11,Android,2129
2016-02-11,iOS,30635
2016-02-11,mobile_web,7770
2016-02-12,Android,2729
2016-02-12,iOS,23661
2016-02-12,mobile_web,7235
2016-02-13,Android,2579
2016-02-13,iOS,21009
2016-02-13,mobile_web,8508
2016-02-14,Android,2945
2016-02-14,iOS,25544
2016-02-14,mobile_web,7754
2016-02-15,Android,4441
2016-02-15,iOS,31246
2016-02-15,mobile_web,8173
2016-02-16,Android,4611
2016-02-16,iOS,29662
2016-02-16,mobile_web,8404
2016-02-17,Android,4860
2016-02-17,iOS,25651
2016-02-17,mobile_web,8547
2016-02-18,Android,5090
2016-02-18,iOS,30005
2016-02-18,mobile_web,7450
2016-02-19,Android,4179
2016-02-19,iOS,27566
2016-02-19,mobile_web,7023
2016-02-20,Android,4671
2016-02-20,iOS,24350
2016-02-20,mobile_web,6762
2016-02-21,Android,4140
2016-02-21,iOS,25475
2016-02-21,mobile_web,9077
2016-02-22,Android,4612
2016-02-22,iOS,22692
2016-02-22,mobile_web,7969
2016-02-23,Android,4106
2016-02-23,iOS,21742
2016-02-23,mobile_web,9329
2016-02-24,Android,5087
2016-02-24,iOS,26662
2016-02-24,mobile_web,9187
2016-02-25,Android,5459
2016-02-25,iOS,21669
2016-02-25,mobile_web,9316
2016-02-26,Android,5243
2016-02-26,iOS,24663
2016-02-26,mobile_web,9201
2016-02-27,Android,4475
2016-02-27,iOS,21392
2016-02-27,mobile_web,8862
2016-02-28,Android,5172
2016-02-28,iOS,25078
2016-02-28,mobile_web,11064
2016-02-29,Android,4879
2016-02-29,iOS,24351
2016-02-29,mobile_web,10072
2016-03-01,Android,6317
2016-03-01,iOS,26042
2016-03-01,mobile_web,8384
2016-03-02,Android,6285
2016-03-02,iOS,23001
2016-03-02,mobile_web,9107
2016-03-03,Android,5931
2016-03-03,iOS,23239
2016-03-03,mobile_web,9312
2016-03-04,Android,6179
2016-03-04,iOS,24265
2016-03-04,mobile_web,9316
2016-03-05,Android,6125
2016-03-05,iOS,25457
2016-03-05,mobile_web,7628
2016-03-06,Android,5623
2016-03-06,iOS,24022
2016-03-06,mobile_web,8107
2016-03-07,Android,4563
2016-03-07,iOS,22876
2016-03-07,mobile_web,9094
2016-03-08,Android,4907
2016-03-08,iOS,24380
2016-03-08,mobile_web,8269
2016-03-09,Android,7461
2016-03-09,iOS,24429
2016-03-09,mobile_web,8717
2016-03-10,Android,6924
2016-03-10,iOS,29616
2016-03-10,mobile_web,9970
2016-03-11,Android,7089
2016-03-11,iOS,30612
2016-03-11,mobile_web,8146
2016-03-12,Android,6504
2016-03-12,iOS,21186
2016-03-12,mobile_web,8527
2016-03-13,Android,6326
2016-03-13,iOS,24941
2016-03-13,mobile_web,9996
2016-03-14,Android,6243
2016-03-14,iOS,31291
2016-03-14,mobile_web,9834
2016-03-15,Android,7970
2016-03-15,iOS,29972
2016-03-15,mobile_web,11543
2016-03-16,Android,7440
2016-03-16,iOS,27242
2016-03-16,mobile_web,11481
2016-03-17,Android,7105
2016-03-17,iOS,25452
2016-03-17,mobile_web,11075
2016-03-18,Android,6977
2016-03-18,iOS,23896
2016-03-18,mobile_web,10203
2016-03-19,Android,6967
2016-03-19,iOS,28119
2016-03-19,mobile_web,9725
2016-03-20,Android,7004
2016-03-20,iOS,22170
2016-03-20,mobile_web,10581
2016-03-21,Android,7746
2016-03-21,iOS,31288
2016-03-21,mobile_web,10183
2016-03-22,Android,6574
2016-03-22,iOS,28841
2016-03-22,mobile_web,9900
2016-03-23,Android,6538
2016-03-23,iOS,29542
2016-03-23,mobile_web,9761
2016-03-24,Android,7891
2016-03-24,iOS,28395
2016-03-24,mobile_web,8560
2016-03-25,Android,7066
2016-03-25,iOS,28621
2016-03-25,mobile_web,8881
2016-03-26,Android,6074
2016-03-26,iOS,23937
2016-03-26,mobile_web,9119
2016-03-27,Android,7165
2016-03-27,iOS,30225
2016-03-27,mobile_web,9571
2016-03-28,Android,8528
2016-03-28,iOS,31615
2016-03-28,mobile_web,9395
2016-03-29,Android,8315
2016-03-29,iOS,26223
2016-03-29,mobile_web,8401
2016-03-30,Android,7319
2016-03-30,iOS,28974
2016-03-30,mobile_web,8684
2016-03-31,Android,8778
2016-03-31,iOS,26807
2016-03-31,mobile_web,7266
2016-04-01,Android,8158
2016-04-01,iOS,22352
2016-04-01,mobile_web,7484
2016-04-02,Android,7117
2016-04-02,iOS,23077
2016-04-02,mobile_web,6961
2016-04-03,Android,7088
2016-04-03,iOS,22744
2016-04-03,mobile_web,7418
2016-04-04,Android,8904
2016-04-04,iOS,25932
2016-04-04,mobile_web,8885
2016-04-05,Android,7609
2016-04-05,iOS,28221
2016-04-05,mobile_web,8792
2016-04-06,Android,8238
2016-04-06,iOS,32202
2016-04-06,mobile_web,8560
2016-04-07,Android,7144
2016-04-07,iOS,27401
2016-04-07,mobile_web,8330
2016-04-08,Android,7551
2016-04-08,iOS,24074
2016-04-08,mobile_web,6357
2016-04-09,Android,6915
2016-04-09,iOS,20633
2016-04-09,mobile_web,7695
2016-04-10,Android,7816
2016-04-10,iOS,29232
2016-04-10,mobile_web,7208
2016-04-11,Android,8948
2016-04-11,iOS,33417
2016-04-11,mobile_web,7607
2016-04-12,Android,7740
2016-04-12,iOS,30217
2016-04-12,mobile_web,9365
2016-04-13,Android,8974
2016-04-13,iOS,29318
2016-04-13,mobile_web,9114
2016-04-14,Android,8169
2016-04-14,iOS,26027
2016-04-14,mobile_web,7442
2016-04-15,Android,7955
2016-04-15,iOS,23041
2016-04-15,mobile_web,7125
2016-04-16,Android,6971
2016-04-16,iOS,28298
2016-04-16,mobile_web,6924
2016-04-17,Android,7691
2016-04-17,iOS,28657
2016-04-17,mobile_web,8145
2016-04-18,Android,8634
2016-04-18,iOS,34664
2016-04-18,mobile_web,8446
2016-04-19,Android,8650
2016-04-19,iOS,34504
2016-04-19,mobile_web,8288
2016-04-20,Android,9430
2016-04-20,iOS,34353
2016-04-20,mobile_web,7914
2016-04-21,Android,8503
2016-04-21,iOS,30725
2016-04-21,mobile_web,9335
2016-04-22,Android,8591
2016-04-22,iOS,24474
2016-04-22,mobile_web,7755
2016-04-23,Android,6814
2016-04-23,iOS,25269
2016-04-23,mobile_web,7373
2016-04-24,Android,8039
2016-04-24,iOS,29442
2016-04-24,mobile_web,9879
2016-04-25,Android,9602
2016-04-25,iOS,36491
2016-04-25,mobile_web,9258
2016-04-26,Android,10198
2016-04-26,iOS,35261
2016-04-26,mobile_web,8435
2016-04-27,Android,8955
2016-04-27,iOS,37022
2016-04-27,mobile_web,8882
2016-04-28,Android,9765
2016-04-28,iOS,35790
2016-04-28,mobile_web,7437
2016-04-29,Android,8916
2016-04-29,iOS,29009
2016-04-29,mobile_web,8726
2016-04-30,Android,7636
2016-04-30,iOS,25827
2016-04-30,mobile_web,7104
2016-05-01,Android,6568
2016-05-01,iOS,25176
2016-05-01,mobile_web,7293
2016-05-02,Android,8150
2016-05-02,iOS,29441
2016-05-02,mobile_web,9390
2016-05-03,Android,8587
2016-05-03,iOS,28992
2016-05-03,mobile_web,10327
2016-05-04,Android,10958
2016-05-04,iOS,31125
2016-05-04,mobile_web,8139
2016-05-05,Android,10255
2016-05-05,iOS,34010
2016-05-05,mobile_web,8296
2016-05-06,Android,9120
2016-05-06,iOS,33012
2016-05-06,mobile_web,10448
2016-05-07,Android,7407
2016-05-07,iOS,26955
2016-05-07,mobile_web,7681
2016-05-08,Android,8633
2016-05-08,iOS,21140
2016-05-08,mobile_web,8846
2016-05-09,Android,6535
2016-05-09,iOS,22985
2016-05-09,mobile_web,7238
2016-05-10,Android,10795
2016-05-10,iOS,37922
2016-05-10,mobile_web,9208
2016-05-11,Android,11231
2016-05-11,iOS,33381
2016-05-11,mobile_web,10653
2016-05-12,Android,10675
2016-05-12,iOS,32368
2016-05-12,mobile_web,9202
2016-05-13,Android,10184
2016-05-13,iOS,27024
2016-05-13,mobile_web,9842
2016-05-14,Android,9606
2016-05-14,iOS,24977
2016-05-14,mobile_web,9226
2016-05-15,Android,8847
2016-05-15,iOS,31453
2016-05-15,mobile_web,8691
2016-05-16,Android,10131
2016-05-16,iOS,35383
2016-05-16,mobile_web,9877
2016-05-17,Android,10617
2016-05-17,iOS,37896
2016-05-17,mobile_web,8923
2016-05-18,Android,10387
2016-05-18,iOS,37369
2016-05-18,mobile_web,9324
2016-05-19,Android,9240
2016-05-19,iOS,28943
2016-05-19,mobile_web,10870
2016-05-20,Android,9004
2016-05-20,iOS,30184
2016-05-20,mobile_web,10064
2016-05-21,Android,8618
2016-05-21,iOS,24195
2016-05-21,mobile_web,9006
2016-05-22,Android,10421
2016-05-22,iOS,29932
2016-05-22,mobile_web,9914
2016-05-23,Android,12504
2016-05-23,iOS,31019
2016-05-23,mobile_web,11386
2016-05-24,Android,11319
2016-05-24,iOS,37614
2016-05-24,mobile_web,9435
2016-05-25,Android,10638
2016-05-25,iOS,36202
2016-05-25,mobile_web,10022
2016-05-26,Android,11779
2016-05-26,iOS,29278
2016-05-26,mobile_web,11007
2016-05-27,Android,9234
2016-05-27,iOS,28715
2016-05-27,mobile_web,8406
2016-05-28,Android,8262
2016-05-28,iOS,23377
2016-05-28,mobile_web,8103
2016-05-29,Android,9050
2016-05-29,iOS,31315
2016-05-29,mobile_web,10512
2016-05-30,Android,10648
2016-05-30,iOS,29938
2016-05-30,mobile_web,11760
2016-05-31,Android,11325
2016-05-31,iOS,36726
2016-05-31,mobile_web,12261
2016-06-01,Android,12493
2016-06-01,iOS,43052
2016-06-01,mobile_web,10457
2016-06-02,Android,12022
2016-06-02,iOS,31723
2016-06-02,mobile_web,11499
2016-06-03,Android,13099
2016-06-03,iOS,28984
2016-06-03,mobile_web,12017
2016-06-04,Android,12893
2016-06-04,iOS,29592
2016-06-04,mobile_web,11442
2016-06-05,Android,11750
2016-06-05,iOS,30144
2016-06-05,mobile_web,10475
2016-06-06,Android,12874
2016-06-06,iOS,43332
2016-06-06,mobile_web,10977
2016-06-07,Android,14175
2016-06-07,iOS,42571
2016-06-07,mobile_web,13470
2016-06-08,Android,14945
2016-06-08,iOS,38084
2016-06-08,mobile_web,12248
2016-06-09,Android,14230
2016-06-09,iOS,36171
2016-06-09,mobile_web,12198
2016-06-10,Android,12588
2016-06-10,iOS,36659
2016-06-10,mobile_web,12210
2016-06-11,Android,11537
2016-06-11,iOS,27042
2016-06-11,mobile_web,10046
2016-06-12,Android,11653
2016-06-12,iOS,35456
2016-06-12,mobile_web,10635
2016-06-13,Android,10923
2016-06-13,iOS,38773
2016-06-13,mobile_web,13553
2016-06-14,Android,12113
2016-06-14,iOS,44248
2016-06-14,mobile_web,13066
2016-06-15,Android,11437
2016-06-15,iOS,34233
2016-06-15,mobile_web,10560
2016-06-16,Android,10834
2016-06-16,iOS,33472
2016-06-16,mobile_web,10860
2016-06-17,Android,10102
2016-06-17,iOS,30104
2016-06-17,mobile_web,11452
2016-06-18,Android,11612
2016-06-18,iOS,35605
2016-06-18,mobile_web,11186
2016-06-19,Android,9920
2016-06-19,iOS,34602
2016-06-19,mobile_web,12533
2016-06-20,Android,13568
2016-06-20,iOS,36953
2016-06-20,mobile_web,12361
2016-06-21,Android,11622
2016-06-21,iOS,41093
2016-06-21,mobile_web,12890
2016-06-22,Android,13477
2016-06-22,iOS,36842
2016-06-22,mobile_web,12579
2016-06-23,Android,13563
2016-06-23,iOS,42600
2016-06-23,mobile_web,12118
2016-06-24,Android,12929
2016-06-24,iOS,35233
2016-06-24,mobile_web,11898
2016-06-25,Android,10699
2016-06-25,iOS,29614
2016-06-25,mobile_web,11442
2016-06-26,Android,10973
2016-06-26,iOS,38018
2016-06-26,mobile_web,14201
2016-06-27,Android,13811
2016-06-27,iOS,42487
2016-06-27,mobile_web,14593
2016-06-28,Android,15075
2016-06-28,iOS,39492
2016-06-28,mobile_web,13562
2016-06-29,Android,15493
2016-06-29,iOS,44658
2016-06-29,mobile_web,13315
2016-06-30,Android,14054
2016-06-30,iOS,41281
2016-06-30,mobile_web,13862
2016-07-01,Android,13026
2016-07-01,iOS,36078
2016-07-01,mobile_web,11413
2016-07-02,Android,12049
2016-07-02,iOS,29226
2016-07-02,mobile_web,12047
2016-07-03,Android,13265
2016-07-03,iOS,36172
2016-07-03,mobile_web,11842
2016-07-04,Android,15616
2016-07-04,iOS,45912
2016-07-04,mobile_web,14232
2016-07-05,Android,13220
2016-07-05,iOS,39258
2016-07-05,mobile_web,11663
2016-07-06,Android,15533
2016-07-06,iOS,47427
2016-07-06,mobile_web,14379
2016-07-07,Android,13262
2016-07-07,iOS,47905
2016-07-07,mobile_web,12514
2016-07-08,Android,12558
2016-07-08,iOS,40768
2016-07-08,mobile_web,11974
2016-07-09,Android,13266
2016-07-09,iOS,39477
2016-07-09,mobile_web,11461
2016-07-10,Android,13959
2016-07-10,iOS,34593
2016-07-10,mobile_web,11273
2016-07-11,Android,14690
2016-07-11,iOS,41094
2016-07-11,mobile_web,13029
2016-07-12,Android,15069
2016-07-12,iOS,50968
2016-07-12,mobile_web,12448
2016-07-13,Android,15021
2016-07-13,iOS,39473
2016-07-13,mobile_web,13917
2016-07-14,Android,13103
2016-07-14,iOS,46241
2016-07-14,mobile_web,12023
2016-07-15,Android,12163
2016-07-15,iOS,37387
2016-07-15,mobile_web,12904
2016-07-16,Android,11560
2016-07-16,iOS,34954
2016-07-16,mobile_web,11212
2016-07-17,Android,13135
2016-07-17,iOS,40638
2016-07-17,mobile_web,11553
2016-07-18,Android,14959
2016-07-18,iOS,41443
2016-07-18,mobile_web,13061
2016-07-19,Android,14056
2016-07-19,iOS,38293
2016-07-19,mobile_web,13145
2016-07-20,Android,15977
2016-07-20,iOS,39174
2016-07-20,mobile_web,13378
2016-07-21,Android,11922
2016-07-21,iOS,39424
2016-07-21,mobile_web,12009
2016-07-22,Android,11310
2016-07-22,iOS,42976
2016-07-22,mobile_web,11089
2016-07-23,Android,11429
2016-07-23,iOS,35703
2016-07-23,mobile_web,10338
2016-07-24,Android,12767
2016-07-24,iOS,36164
2016-07-24,mobile_web,11559
2016-07-25,Android,13484
2016-07-25,iOS,37929
2016-07-25,mobile_web,11746
2016-07-26,Android,13470
2016-07-26,iOS,37384
2016-07-26,mobile_web,13851
2016-07-27,Android,11750
2016-07-27,iOS,35545
2016-07-27,mobile_web,12856
2016-07-28,Android,11396
2016-07-28,iOS,41954
2016-07-28,mobile_web,11375
2016-07-29,Android,12558
2016-07-29,iOS,42353
2016-07-29,mobile_web,10260
2016-07-30,Android,10482
2016-07-30,iOS,33316
2016-07-30,mobile_web,9434
2016-07-31,Android,11191
2016-07-31,iOS,37430
2016-07-31,mobile_web,10147
2016-08-01,Android,14696
2016-08-01,iOS,35466
2016-08-01,mobile_web,12268
2016-08-02,Android,12431
2016-08-02,iOS,46775
2016-08-02,mobile_web,12757
2016-08-03,Android,14094
2016-08-03,iOS,33823
2016-08-03,mobile_web,13513
2016-08-04,Android,11167
2016-08-04,iOS,36258
2016-08-04,mobile_web,13187
2016-08-05,Android,13358
2016-08-05,iOS,31072
2016-08-05,mobile_web,12102
2016-08-06,Android,9375
2016-08-06,iOS,33004
2016-08-06,mobile_web,11029
2016-08-07,Android,11160
2016-08-07,iOS,34704
2016-08-07,mobile_web,12396
2016-08-08,Android,13458
2016-08-08,iOS,44238
2016-08-08,mobile_web,13787
2016-08-09,Android,12822
2016-08-09,iOS,40411
2016-08-09,mobile_web,12913
2016-08-10,Android,14368
2016-08-10,iOS,35449
2016-08-10,mobile_web,12453
2016-08-11,Android,12566
2016-08-11,iOS,36881
2016-08-11,mobile_web,11571
2016-08-12,Android,10992
2016-08-12,iOS,38422
2016-08-12,mobile_web,10263
2016-08-13,Android,11340
2016-08-13,iOS,32997
2016-08-13,mobile_web,11086
2016-08-14,Android,11624
2016-08-14,iOS,30029
2016-08-14,mobile_web,11000
2016-08-15,Android,13642
2016-08-15,iOS,41094
2016-08-15,mobile_web,12474
2016-08-16,Android,12276
2016-08-16,iOS,32317
2016-08-16,mobile_web,10007
2016-08-17,Android,12683
2016-08-17,iOS,38607
2016-08-17,mobile_web,12275
2016-08-18,Android,13388
2016-08-18,iOS,39571
2016-08-18,mobile_web,9631
2016-08-19,Android,12479
2016-08-19,iOS,34836
2016-08-19,mobile_web,8476
2016-08-20,Android,11113
2016-08-20,iOS,29930
2016-08-20,mobile_web,9595
2016-08-21,Android,10619
2016-08-21,iOS,36702
2016-08-21,mobile_web,11102
2016-08-22,Android,13394
2016-08-22,iOS,35024
2016-08-22,mobile_web,9331
2016-08-23,Android,12799
2016-08-23,iOS,32689
2016-08-23,mobile_web,9132
2016-08-24,Android,13068
2016-08-24,iOS,42006
2016-08-24,mobile_web,10541
2016-08-25,Android,12675
2016-08-25,iOS,39511
2016-08-25,mobile_web,9874
2016-08-26,Android,11615
2016-08-26,iOS,34842
2016-08-26,mobile_web,8157
2016-08-27,Android,9676
2016-08-27,iOS,24889
2016-08-27,mobile_web,10071
2016-08-28,Android,10607
2016-08-28,iOS,27219
2016-08-28,mobile_web,10389
2016-08-29,Android,10892
2016-08-29,iOS,39415
2016-08-29,mobile_web,11627
2016-08-30,Android,12013
2016-08-30,iOS,36521
2016-08-30,mobile_web,11963
2016-08-31,Android,13491
2016-08-31,iOS,30640
2016-08-31,mobile_web,11795
2016-09-01,Android,11206
2016-09-01,iOS,33093
2016-09-01,mobile_web,10012
2016-09-02,Android,12065
2016-09-02,iOS,32706
2016-09-02,mobile_web,9279
2016-09-03,Android,10576
2016-09-03,iOS,28291
2016-09-03,mobile_web,9225
2016-09-04,Android,12581
2016-09-04,iOS,35198
2016-09-04,mobile_web,10629
2016-09-05,Android,11150
2016-09-05,iOS,36363
2016-09-05,mobile_web,11492
2016-09-06,Android,11676
2016-09-06,iOS,30521
2016-09-06,mobile_web,11880
2016-09-07,Android,12833
2016-09-07,iOS,34874
2016-09-07,mobile_web,10285
2016-09-08,Android,10638
2016-09-08,iOS,33318
2016-09-08,mobile_web,10432
2016-09-09,Android,10319
2016-09-09,iOS,31439
2016-09-09,mobile_web,10875
2016-09-10,Android,11070
2016-09-10,iOS,27990
2016-09-10,mobile_web,8858
2016-09-11,Android,9476
2016-09-11,iOS,28173
2016-09-11,mobile_web,10304
2016-09-12,Android,11715
2016-09-12,iOS,37183
2016-09-12,mobile_web,8944
2016-09-13,Android,12344
2016-09-13,iOS,37264
2016-09-13,mobile_web,10414
2016-09-14,Android,12425
2016-09-14,iOS,29986
2016-09-14,mobile_web,10615
2016-09-15,Android,12173
2016-09-15,iOS,30016
2016-09-15,mobile_web,11374
2016-09-16,Android,11215
2016-09-16,iOS,35299
2016-09-16,mobile_web,9256
2016-09-17,Android,11034
2016-09-17,iOS,26410
2016-09-17,mobile_web,8139
2016-09-18,Android,9546
2016-09-18,iOS,30246
2016-09-18,mobile_web,10547
2016-09-19,Android,12817
2016-09-19,iOS,27120
2016-09-19,mobile_web,9818
2016-09-20,Android,11463
2016-09-20,iOS,33389
2016-09-20,mobile_web,11117
2016-09-21,Android,11934
2016-09-21,iOS,37380
2016-09-21,mobile_web,8674
2016-09-22,Android,10751
2016-09-22,iOS,37158
2016-09-22,mobile_web,10476
2016-09-23,Android,10992
2016-09-23,iOS,31478
2016-09-23,mobile_web,8825
2016-09-24,Android,9948
2016-09-24,iOS,21550
2016-09-24,mobile_web,7763
2016-09-25,Android,9184
2016-09-25,iOS,27996
2016-09-25,mobile_web,8377
2016-09-26,Android,9816
2016-09-26,iOS,30837
2016-09-26,mobile_web,9326
2016-09-27,Android,10875
2016-09-27,iOS,30084
2016-09-27,mobile_web,10783
2016-09-28,Android,10708
2016-09-28,iOS,29488
2016-09-28,mobile_web,10137
2016-09-29,Android,9674
2016-09-29,iOS,33311
2016-09-29,mobile_web,9185
2016-09-30,Android,9449
2016-09-30,iOS,30038
2016-09-30,mobile_web,9589
2016-10-01,Android,9613
2016-10-01,iOS,26135
2016-10-01,mobile_web,7867
2016-10-02,Android,9936
2016-10-02,iOS,26139
2016-10-02,mobile_web,10361
2016-10-03,Android,12663
2016-10-03,iOS,28721
2016-10-03,mobile_web,8584
2016-10-04,Android,10901
2016-10-04,iOS,32674
2016-10-04,mobile_web,9280
2016-10-05,Android,12020
2016-10-05,iOS,30361
2016-10-05,mobile_web,10199
2016-10-06,Android,10919
2016-10-06,iOS,24631
2016-10-06,mobile_web,9430
2016-10-07,Android,9781
2016-10-07,iOS,25770
2016-10-07,mobile_web,9382
2016-10-08,Android,10825
2016-10-08,iOS,28877
2016-10-08,mobile_web,8172
2016-10-09,Android,9881
2016-10-09,iOS,25543
2016-10-09,mobile_web,9971
2016-10-10,Android,12794
2016-10-10,iOS,34777
2016-10-10,mobile_web,10209
2016-10-11,Android,11870
2016-10-11,iOS,29594
2016-10-11,mobile_web,11276
2016-10-12,Android,11363
2016-10-12,iOS,30515
2016-10-12,mobile_web,9586
2016-10-13,Android,11912
2016-10-13,iOS,28934
2016-10-13,mobile_web,9433
2016-10-14,Android,9681
2016-10-14,iOS,24141
2016-10-14,mobile_web,10292
2016-10-15,Android,11049
2016-10-15,iOS,27879
2016-10-15,mobile_web,7600
2016-10-16,Android,12340
2016-10-16,iOS,31564
2016-10-16,mobile_web,10226
2016-10-17,Android,10080
2016-10-17,iOS,35499
2016-10-17,mobile_web,1787
2016-10-18,Android,12038
2016-10-18,iOS,32092
2016-10-18,mobile_web,73
2016-10-19,Android,12250
2016-10-19,iOS,25475
2016-10-19,mobile_web,38
2016-10-20,Android,10334
2016-10-20,iOS,33813
2016-10-20,mobile_web,33
2016-10-21,Android,9726
2016-10-21,iOS,26356
2016-10-21,mobile_web,22
2016-10-22,Android,10792
2016-10-22,iOS,25782
2016-10-22,mobile_web,21
2016-10-23,Android,11636
2016-10-23,iOS,29999
2016-10-23,mobile_web,12
2016-10-24,Android,11317
2016-10-24,iOS,35787
2016-10-24,mobile_web,7215
2016-10-25,Android,12475
2016-10-25,iOS,29809
2016-10-25,mobile_web,10741
2016-10-26,Android,11491
2016-10-26,iOS,27977
2016-10-26,mobile_web,10390
2016-10-27,Android,10702
2016-10-27,iOS,29881
2016-10-27,mobile_web,9102
2016-10-28,Android,9986
2016-10-28,iOS,29496
2016-10-28,mobile_web,9853
2016-10-29,Android,11258
2016-10-29,iOS,26714
2016-10-29,mobile_web,9136
2016-10-30,Android,10013
2016-10-30,iOS,30761
2016-10-30,mobile_web,9812
2016-10-31,Android,12002
2016-10-31,iOS,34983
2016-10-31,mobile_web,8675
2016-11-01,Android,12280
2016-11-01,iOS,33967
2016-11-01,mobile_web,8441
2016-11-02,Android,12331
2016-11-02,iOS,32894
2016-11-02,mobile_web,9577
2016-11-03,Android,12984
2016-11-03,iOS,30470
2016-11-03,mobile_web,9228
2016-11-04,Android,12115
2016-11-04,iOS,24795
2016-11-04,mobile_web,8865
2016-11-05,Android,10554
2016-11-05,iOS,28084
2016-11-05,mobile_web,8043
2016-11-06,Android,12027
2016-11-06,iOS,27944
2016-11-06,mobile_web,9262
2016-11-07,Android,12345
2016-11-07,iOS,32598
2016-11-07,mobile_web,9461
2016-11-08,Android,12065
2016-11-08,iOS,34240
2016-11-08,mobile_web,8762
2016-11-09,Android,12828
2016-11-09,iOS,25528
2016-11-09,mobile_web,8819
2016-11-10,Android,10669
2016-11-10,iOS,31361
2016-11-10,mobile_web,9258
2016-11-11,Android,9853
2016-11-11,iOS,27644
2016-11-11,mobile_web,8629
2016-11-12,Android,9624
2016-11-12,iOS,25026
2016-11-12,mobile_web,9441
2016-11-13,Android,11210
2016-11-13,iOS,24400
2016-11-13,mobile_web,8710
2016-11-14,Android,11177
2016-11-14,iOS,30180
2016-11-14,mobile_web,11090
2016-11-15,Android,10925
2016-11-15,iOS,31552
2016-11-15,mobile_web,9579
2016-11-16,Android,13237
2016-11-16,iOS,28981
2016-11-16,mobile_web,10106
2016-11-17,Android,11598
2016-11-17,iOS,26747
2016-11-17,mobile_web,8992
2016-11-18,Android,11939
2016-11-18,iOS,29461
2016-11-18,mobile_web,9797
2016-11-19,Android,11441
2016-11-19,iOS,31558
2016-11-19,mobile_web,9694
2016-11-20,Android,12616
2016-11-20,iOS,27938
2016-11-20,mobile_web,9630
2016-11-21,Android,12094
2016-11-21,iOS,34148
2016-11-21,mobile_web,9215
2016-11-22,Android,11091
2016-11-22,iOS,33981
2016-11-22,mobile_web,10368
2016-11-23,Android,11312
2016-11-23,iOS,29014
2016-11-23,mobile_web,9124
2016-11-24,Android,13044
2016-11-24,iOS,33888
2016-11-24,mobile_web,9515
2016-11-25,Android,12379
2016-11-25,iOS,34693
2016-11-25,mobile_web,8494
2016-11-26,Android,10918
2016-11-26,iOS,26904
2016-11-26,mobile_web,8131
2016-11-27,Android,12238
2016-11-27,iOS,30870
2016-11-27,mobile_web,8236
2016-11-28,Android,10959
2016-11-28,iOS,34437
2016-11-28,mobile_web,10536
2016-11-29,Android,11065
2016-11-29,iOS,29521
2016-11-29,mobile_web,10491
2016-11-30,Android,10407
2016-11-30,iOS,30631
2016-11-30,mobile_web,8432
2016-12-01,Android,11699
2016-12-01,iOS,35012
2016-12-01,mobile_web,10432
2016-12-02,Android,9932
2016-12-02,iOS,29069
2016-12-02,mobile_web,9873
2016-12-03,Android,9486
2016-12-03,iOS,23015
2016-12-03,mobile_web,9756
2016-12-04,Android,10732
2016-12-04,iOS,29173
2016-12-04,mobile_web,10056
2016-12-05,Android,10877
2016-12-05,iOS,26424
2016-12-05,mobile_web,8886
2016-12-06,Android,12167
2016-12-06,iOS,29640
2016-12-06,mobile_web,8665
2016-12-07,Android,12062
2016-12-07,iOS,35254
2016-12-07,mobile_web,9518
2016-12-08,Android,11980
2016-12-08,iOS,28162
2016-12-08,mobile_web,8778
2016-12-09,Android,9678
2016-12-09,iOS,24890
2016-12-09,mobile_web,9597
2016-12-10,Android,9510
2016-12-10,iOS,22481
2016-12-10,mobile_web,9872
2016-12-11,Android,11147
2016-12-11,iOS,29768
2016-12-11,mobile_web,9473
2016-12-12,Android,10894
2016-12-12,iOS,34716
2016-12-12,mobile_web,10666
2016-12-13,Android,12492
2016-12-13,iOS,28782
2016-12-13,mobile_web,9088
2016-12-14,Android,10810
2016-12-14,iOS,26339
2016-12-14,mobile_web,8747
2016-12-15,Android,10620
2016-12-15,iOS,27243
2016-12-15,mobile_web,9375
2016-12-16,Android,10452
2016-12-16,iOS,25303
2016-12-16,mobile_web,7994
2016-12-17,Android,11494
2016-12-17,iOS,26831
2016-12-17,mobile_web,9628
2016-12-18,Android,11831
2016-12-18,iOS,26043
2016-12-18,mobile_web,10837
2016-12-19,Android,11874
2016-12-19,iOS,30923
2016-12-19,mobile_web,9476
2016-12-20,Android,12264
2016-12-20,iOS,27018
2016-12-20,mobile_web,8933
2016-12-21,Android,10364
2016-12-21,iOS,35721
2016-12-21,mobile_web,10450
2016-12-22,Android,12059
2016-12-22,iOS,25637
2016-12-22,mobile_web,8880
2016-12-23,Android,9013
2016-12-23,iOS,25642
2016-12-23,mobile_web,8233
2016-12-24,Android,10465
2016-12-24,iOS,28893
2016-12-24,mobile_web,9341
2016-12-25,Android,9954
2016-12-25,iOS,26974
2016-12-25,mobile_web,8834
2016-12-26,Android,9674
2016-12-26,iOS,34790
2016-12-26,mobile_web,9325
2016-12-27,Android,10566
2016-12-27,iOS,30943
2016-12-27,mobile_web,7722
2016-12-28,Android,11106
2016-12-28,iOS,30324
2016-12-28,mobile_web,9005
2016-12-29,Android,9415
2016-12-29,iOS,28027
2016-12-29,mobile_web,7191
2016-12-30,Android,10073
2016-12-30,iOS,30811
2016-12-30,mobile_web,6536
2016-12-31,Android,7229
2016-12-31,iOS,18710
2016-12-31,mobile_web,4984
2017-01-01,Android,9146
2017-01-01,iOS,26129
2017-01-01,mobile_web,9855
2017-01-02,Android,12179
2017-01-02,iOS,35027
2017-01-02,mobile_web,13824
2017-01-03,Android,14173
2017-01-03,iOS,30769
2017-01-03,mobile_web,10940
2017-01-04,Android,12441
2017-01-04,iOS,37889
2017-01-04,mobile_web,10396
2017-01-05,Android,10805
2017-01-05,iOS,37807
2017-01-05,mobile_web,9785
2017-01-06,Android,10199
2017-01-06,iOS,37263
2017-01-06,mobile_web,9382
2017-01-07,Android,11761
2017-01-07,iOS,31235
2017-01-07,mobile_web,10545
2017-01-08,Android,14493
2017-01-08,iOS,32105
2017-01-08,mobile_web,13194
2017-01-09,Android,14369
2017-01-09,iOS,32574
2017-01-09,mobile_web,10804
2017-01-10,Android,15213
2017-01-10,iOS,33112
2017-01-10,mobile_web,11161
2017-01-11,Android,14477
2017-01-11,iOS,36429
2017-01-11,mobile_web,10136
2017-01-12,Android,13757
2017-01-12,iOS,36474
2017-01-12,mobile_web,11859
2017-01-13,Android,11294
2017-01-13,iOS,28941
2017-01-13,mobile_web,11555
2017-01-14,Android,10196
2017-01-14,iOS,33143
2017-01-14,mobile_web,9463
2017-01-15,Android,12971
2017-01-15,iOS,27705
2017-01-15,mobile_web,11467
2017-01-16,Android,11423
2017-01-16,iOS,33827
2017-01-16,mobile_web,12175
2017-01-17,Android,10927
2017-01-17,iOS,30161
2017-01-17,mobile_web,10809
2017-01-18,Android,13089
2017-01-18,iOS,29646
2017-01-18,mobile_web,8660
2017-01-19,Android,11891
2017-01-19,iOS,31521
2017-01-19,mobile_web,4727
2017-01-20,Android,12608
2017-01-20,iOS,32913
2017-01-20,mobile_web,8665
2017-01-21,Android,11264
2017-01-21,iOS,25947
2017-01-21,mobile_web,10135
2017-01-22,Android,11771
2017-01-22,iOS,37788
2017-01-22,mobile_web,10642
2017-01-23,Android,12215
2017-01-23,iOS,39480
2017-01-23,mobile_web,11260
2017-01-24,Android,10745
2017-01-24,iOS,31450
2017-01-24,mobile_web,7559
2017-01-25,Android,12608
2017-01-25,iOS,30445
2017-01-25,mobile_web,5310
2017-01-26,Android,10577
2017-01-26,iOS,33325
2017-01-26,mobile_web,5086
2017-01-27,Android,10667
2017-01-27,iOS,25603
2017-01-27,mobile_web,5694
2017-01-28,Android,10980
2017-01-28,iOS,33157
2017-01-28,mobile_web,5363
2017-01-29,Android,13094
2017-01-29,iOS,35131
2017-01-29,mobile_web,5961
2017-01-30,Android,11101
2017-01-30,iOS,36782
2017-01-30,mobile_web,6513
2017-01-31,Android,12070
2017-01-31,iOS,30881
2017-01-31,mobile_web,6761
2017-02-01,Android,12175
2017-02-01,iOS,36833
2017-02-01,mobile_web,6532
2017-02-02,Android,11950
2017-02-02,iOS,36786
2017-02-02,mobile_web,5954
2017-02-03,Android,10815
2017-02-03,iOS,32303
2017-02-03,mobile_web,6100
2017-02-04,Android,10902
2017-02-04,iOS,32099
2017-02-04,mobile_web,5897
2017-02-05,Android,12008
2017-02-05,iOS,30480
2017-02-05,mobile_web,6129
2017-02-06,Android,13057
2017-02-06,iOS,29259
2017-02-06,mobile_web,5688
2017-02-07,Android,11511
2017-02-07,iOS,31064
2017-02-07,mobile_web,11127
2017-02-08,Android,14410
2017-02-08,iOS,28979
2017-02-08,mobile_web,12107
2017-02-09,Android,12988
2017-02-09,iOS,32488
2017-02-09,mobile_web,11389
2017-02-10,Android,11756
2017-02-10,iOS,36910
2017-02-10,mobile_web,10195
2017-02-11,Android,11007
2017-02-11,iOS,27860
2017-02-11,mobile_web,12411
2017-02-12,Android,13382
2017-02-12,iOS,32416
2017-02-12,mobile_web,14506
2017-02-13,Android,13247
2017-02-13,iOS,34160
2017-02-13,mobile_web,12071
2017-02-14,Android,13301
2017-02-14,iOS,35296
2017-02-14,mobile_web,11647
2017-02-15,Android,11968
2017-02-15,iOS,30735
2017-02-15,mobile_web,12480
2017-02-16,Android,12932
2017-02-16,iOS,36660
2017-02-16,mobile_web,12606
2017-02-17,Android,11571
2017-02-17,iOS,38364
2017-02-17,mobile_web,11858
2017-02-18,Android,10743
2017-02-18,iOS,37035
2017-02-18,mobile_web,10980
2017-02-19,Android,12715
2017-02-19,iOS,36885
2017-02-19,mobile_web,11882
2017-02-20,Android,14512
2017-02-20,iOS,37651
2017-02-20,mobile_web,14398
2017-02-21,Android,12471
2017-02-21,iOS,33571
2017-02-21,mobile_web,14569
2017-02-22,Android,12775
2017-02-22,iOS,34643
2017-02-22,mobile_web,11933
2017-02-23,Android,9720
2017-02-23,iOS,26038
2017-02-23,mobile_web,11388
2017-02-24,Android,12078
2017-02-24,iOS,29179
2017-02-24,mobile_web,11197
2017-02-25,Android,11444
2017-02-25,iOS,25366
2017-02-25,mobile_web,11060
2017-02-26,Android,12169
2017-02-26,iOS,37647
2017-02-26,mobile_web,12564
2017-02-27,Android,13534
2017-02-27,iOS,37394
2017-02-27,mobile_web,15511
2017-02-28,Android,12369
2017-02-28,iOS,30526
2017-02-28,mobile_web,14329
2017-03-01,Android,14005
2017-03-01,iOS,40120
2017-03-01,mobile_web,15042
2017-03-02,Android,13054
2017-03-02,iOS,29915
2017-03-02,mobile_web,13155
2017-03-03,Android,11068
2017-03-03,iOS,30130
2017-03-03,mobile_web,11173
2017-03-04,Android,9995
2017-03-04,iOS,27089
2017-03-04,mobile_web,11649
2017-03-05,Android,12427
2017-03-05,iOS,34296
2017-03-05,mobile_web,14152
2017-03-06,Android,11157
2017-03-06,iOS,27771
2017-03-06,mobile_web,12302
2017-03-07,Android,10592
2017-03-07,iOS,24556
2017-03-07,mobile_web,9881
2017-03-08,Android,9298
2017-03-08,iOS,30404
2017-03-08,mobile_web,11472
2017-03-09,Android,13744
2017-03-09,iOS,32075
2017-03-09,mobile_web,12314
2017-03-10,Android,13595
2017-03-10,iOS,30356
2017-03-10,mobile_web,14529
2017-03-11,Android,13297
2017-03-11,iOS,33834
2017-03-11,mobile_web,12557
2017-03-12,Android,14326
2017-03-12,iOS,33059
2017-03-12,mobile_web,15630
2017-03-13,Android,12239
2017-03-13,iOS,34387
2017-03-13,mobile_web,10762
2017-03-14,Android,16016
2017-03-14,iOS,46749
2017-03-14,mobile_web,8627
2017-03-15,Android,15002
2017-03-15,iOS,35225
2017-03-15,mobile_web,9308
2017-03-16,Android,12919
2017-03-16,iOS,33344
2017-03-16,mobile_web,7764
2017-03-17,Android,13112
2017-03-17,iOS,33019
2017-03-17,mobile_web,8350
2017-03-18,Android,11794
2017-03-18,iOS,41788
2017-03-18,mobile_web,8933
2017-03-19,Android,12551
2017-03-19,iOS,45289
2017-03-19,mobile_web,10199
2017-03-20,Android,13254
2017-03-20,iOS,38437
2017-03-20,mobile_web,10146
2017-03-21,Android,12882
2017-03-21,iOS,48423
2017-03-21,mobile_web,10729
2017-03-22,Android,14396
2017-03-22,iOS,36087
2017-03-22,mobile_web,9740
2017-03-23,Android,14938
2017-03-23,iOS,39717
2017-03-23,mobile_web,8327
2017-03-24,Android,13887
2017-03-24,iOS,42312
2017-03-24,mobile_web,14008
2017-03-25,Android,11225
2017-03-25,iOS,33713
2017-03-25,mobile_web,11909
2017-03-26,Android,13284
2017-03-26,iOS,33493
2017-03-26,mobile_web,14969
2017-03-27,Android,14915
2017-03-27,iOS,40684
2017-03-27,mobile_web,17537
2017-03-28,Android,12733
2017-03-28,iOS,39756
2017-03-28,mobile_web,16150
2017-03-29,Android,14037
2017-03-29,iOS,39709
2017-03-29,mobile_web,12941
2017-03-30,Android,13282
2017-03-30,iOS,42939
2017-03-30,mobile_web,8754
2017-03-31,Android,13817
2017-03-31,iOS,38208
2017-03-31,mobile_web,8784
2017-04-01,Android,14724
2017-04-01,iOS,31382
2017-04-01,mobile_web,9837
2017-04-02,Android,13532
2017-04-02,iOS,41618
2017-04-02,mobile_web,9353
2017-04-03,Android,12342
2017-04-03,iOS,39616
2017-04-03,mobile_web,10512
2017-04-04,Android,15906
2017-04-04,iOS,43451
2017-04-04,mobile_web,11197
2017-04-05,Android,15661
2017-04-05,iOS,38131
2017-04-05,mobile_web,9780
2017-04-06,Android,15628
2017-04-06,iOS,39863
2017-04-06,mobile_web,10140
2017-04-07,Android,12173
2017-04-07,iOS,34811
2017-04-07,mobile_web,12670
2017-04-08,Android,13973
2017-04-08,iOS,41910
2017-04-08,mobile_web,12575
2017-04-09,Android,13655
2017-04-09,iOS,38191
2017-04-09,mobile_web,12771
2017-04-10,Android,14756
2017-04-10,iOS,42178
2017-04-10,mobile_web,14682
2017-04-11,Android,17021
2017-04-11,iOS,46381
2017-04-11,mobile_web,13592
2017-04-12,Android,15024
2017-04-12,iOS,41658
2017-04-12,mobile_web,15378
2017-04-13,Android,14169
2017-04-13,iOS,33775
2017-04-13,mobile_web,13261
2017-04-14,Android,15444
2017-04-14,iOS,37635
2017-04-14,mobile_web,11750
2017-04-15,Android,12583
2017-04-15,iOS,33924
2017-04-15,mobile_web,10280
2017-04-16,Android,13094
2017-04-16,iOS,36513
2017-04-16,mobile_web,11553
2017-04-17,Android,17503
2017-04-17,iOS,40954
2017-04-17,mobile_web,18316
2017-04-18,Android,18618
2017-04-18,iOS,43514
2017-04-18,mobile_web,17058
2017-04-19,Android,19193
2017-04-19,iOS,51993
2017-04-19,mobile_web,15237
2017-04-20,Android,16520
2017-04-20,iOS,49341
2017-04-20,mobile_web,13229
2017-04-21,Android,17645
2017-04-21,iOS,37901
2017-04-21,mobile_web,16207
2017-04-22,Android,15950
2017-04-22,iOS,42924
2017-04-22,mobile_web,13630
2017-04-23,Android,13791
2017-04-23,iOS,40869
2017-04-23,mobile_web,18015
2017-04-24,Android,17211
2017-04-24,iOS,42907
2017-04-24,mobile_web,17980
2017-04-25,Android,19563
2017-04-25,iOS,50833
2017-04-25,mobile_web,18910
2017-04-26,Android,21194
2017-04-26,iOS,56765
2017-04-26,mobile_web,16812
2017-04-27,Android,16601
2017-04-27,iOS,45475
2017-04-27,mobile_web,17316
2017-04-28,Android,16198
2017-04-28,iOS,50212
2017-04-28,mobile_web,14011
2017-04-29,Android,16172
2017-04-29,iOS,44938
2017-04-29,mobile_web,13530
2017-04-30,Android,14719
2017-04-30,iOS,36384
2017-04-30,mobile_web,13601
2017-05-01,Android,15645
2017-05-01,iOS,42319
2017-05-01,mobile_web,17273
2017-05-02,Android,16456
2017-05-02,iOS,43610
2017-05-02,mobile_web,16532
2017-05-03,Android,17814
2017-05-03,iOS,54788
2017-05-03,mobile_web,19170
2017-05-04,Android,18032
2017-05-04,iOS,40500
2017-05-04,mobile_web,15820
2017-05-05,Android,15124
2017-05-05,iOS,42306
2017-05-05,mobile_web,18412
2017-05-06,Android,15055
2017-05-06,iOS,42943
2017-05-06,mobile_web,16689
2017-05-07,Android,15479
2017-05-07,iOS,44049
2017-05-07,mobile_web,13698
2017-05-08,Android,15316
2017-05-08,iOS,35221
2017-05-08,mobile_web,15473
2017-05-09,Android,15099
2017-05-09,iOS,45606
2017-05-09,mobile_web,15091
2017-05-10,Android,16027
2017-05-10,iOS,42890
2017-05-10,mobile_web,20235
2017-05-11,Android,16549
2017-05-11,iOS,52196
2017-05-11,mobile_web,15954
2017-05-12,Android,18698
2017-05-12,iOS,43747
2017-05-12,mobile_web,15832
2017-05-13,Android,17278
2017-05-13,iOS,44251
2017-05-13,mobile_web,14851
2017-05-14,Android,13921
2017-05-14,iOS,40594
2017-05-14,mobile_web,15471
2017-05-15,Android,17640
2017-05-15,iOS,40538
2017-05-15,mobile_web,18481
2017-05-16,Android,17393
2017-05-16,iOS,57432
2017-05-16,mobile_web,20383
2017-05-17,Android,17825
2017-05-17,iOS,41124
2017-05-17,mobile_web,16097
2017-05-18,Android,18618
2017-05-18,iOS,42858
2017-05-18,mobile_web,19248
2017-05-19,Android,17921
2017-05-19,iOS,39102
2017-05-19,mobile_web,17147
2017-05-20,Android,15242
2017-05-20,iOS,38100
2017-05-20,mobile_web,12227
2017-05-21,Android,16377
2017-05-21,iOS,50056
2017-05-21,mobile_web,14095
2017-05-22,Android,20886
2017-05-22,iOS,45080
2017-05-22,mobile_web,18945
2017-05-23,Android,19012
2017-05-23,iOS,41322
2017-05-23,mobile_web,16936
2017-05-24,Android,17792
2017-05-24,iOS,43037
2017-05-24,mobile_web,18922
2017-05-25,Android,17118
2017-05-25,iOS,50591
2017-05-25,mobile_web,14163
2017-05-26,Android,18415
2017-05-26,iOS,46367
2017-05-26,mobile_web,14104
2017-05-27,Android,15706
2017-05-27,iOS,41764
2017-05-27,mobile_web,15264
2017-05-28,Android,19069
2017-05-28,iOS,39627
2017-05-28,mobile_web,15463
2017-05-29,Android,18396
2017-05-29,iOS,56131
2017-05-29,mobile_web,19198
2017-05-30,Android,19912
2017-05-30,iOS,50497
2017-05-30,mobile_web,18868
2017-05-31,Android,17845
2017-05-31,iOS,51795
2017-05-31,mobile_web,20169
2017-06-01,Android,18817
2017-06-01,iOS,54211
2017-06-01,mobile_web,16572
2017-06-02,Android,18057
2017-06-02,iOS,44607
2017-06-02,mobile_web,16471
2017-06-03,Android,16134
2017-06-03,iOS,46398
2017-06-03,mobile_web,14898
2017-06-04,Android,19638
2017-06-04,iOS,43238
2017-06-04,mobile_web,21358
2017-06-05,Android,20901
2017-06-05,iOS,58287
2017-06-05,mobile_web,22903
2017-06-06,Android,22423
2017-06-06,iOS,60025
2017-06-06,mobile_web,23573
2017-06-07,Android,19018
2017-06-07,iOS,59984
2017-06-07,mobile_web,26106
2017-06-08,Android,19330
2017-06-08,iOS,61080
2017-06-08,mobile_web,21159
2017-06-09,Android,19420
2017-06-09,iOS,55765
2017-06-09,mobile_web,18508
2017-06-10,Android,17340
2017-06-10,iOS,50114
2017-06-10,mobile_web,17901
2017-06-11,Android,18207
2017-06-11,iOS,48029
2017-06-11,mobile_web,16656
2017-06-12,Android,16706
2017-06-12,iOS,56825
2017-06-12,mobile_web,22739
2017-06-13,Android,19630
2017-06-13,iOS,49600
2017-06-13,mobile_web,26687
2017-06-14,Android,20749
2017-06-14,iOS,47970
2017-06-14,mobile_web,21845
2017-06-15,Android,19643
2017-06-15,iOS,58854
2017-06-15,mobile_web,24151
2017-06-16,Android,22329
2017-06-16,iOS,49418
2017-06-16,mobile_web,23221
2017-06-17,Android,19387
2017-06-17,iOS,41871
2017-06-17,mobile_web,20253
2017-06-18,Android,18895
2017-06-18,iOS,42730
2017-06-18,mobile_web,19785
2017-06-19,Android,22994
2017-06-19,iOS,54225
2017-06-19,mobile_web,23604
2017-06-20,Android,23823
2017-06-20,iOS,65049
2017-06-20,mobile_web,25473
2017-06-21,Android,23922
2017-06-21,iOS,57268
2017-06-21,mobile_web,23168
2017-06-22,Android,19930
2017-06-22,iOS,45548
2017-06-22,mobile_web,24923
2017-06-23,Android,18415
2017-06-23,iOS,44026
2017-06-23,mobile_web,21952
2017-06-24,Android,16785
2017-06-24,iOS,40989
2017-06-24,mobile_web,19908
2017-06-25,Android,16873
2017-06-25,iOS,56272
2017-06-25,mobile_web,21881
2017-06-26,Android,22141
2017-06-26,iOS,51691
2017-06-26,mobile_web,25782
2017-06-27,Android,20226
2017-06-27,iOS,62565
2017-06-27,mobile_web,25843
2017-06-28,Android,20657
2017-06-28,iOS,57448
2017-06-28,mobile_web,28842
2017-06-29,Android,22366
2017-06-29,iOS,62408
2017-06-29,mobile_web,26893
2017-06-30,Android,20002
2017-06-30,iOS,52097
2017-06-30,mobile_web,24537
2017-07-01,Android,18971
2017-07-01,iOS,60187
2017-07-01,mobile_web,23308
2017-07-02,Android,21184
2017-07-02,iOS,58316
2017-07-02,mobile_web,25036
2017-07-03,Android,22323
2017-07-03,iOS,54689
2017-07-03,mobile_web,28715
2017-07-04,Android,20314
2017-07-04,iOS,70798
2017-07-04,mobile_web,29392
2017-07-05,Android,24221
2017-07-05,iOS,66857
2017-07-05,mobile_web,27145
2017-07-06,Android,22828
2017-07-06,iOS,50740
2017-07-06,mobile_web,27156
2017-07-07,Android,18760
2017-07-07,iOS,58094
2017-07-07,mobile_web,24752
2017-07-08,Android,17827
2017-07-08,iOS,56282
2017-07-08,mobile_web,22113
2017-07-09,Android,19729
2017-07-09,iOS,58662
2017-07-09,mobile_web,23987
2017-07-10,Android,21895
2017-07-10,iOS,74452
2017-07-10,mobile_web,27116
2017-07-11,Android,26093
2017-07-11,iOS,68142
2017-07-11,mobile_web,28326
2017-07-12,Android,24494
2017-07-12,iOS,62584
2017-07-12,mobile_web,26267
2017-07-13,Android,25596
2017-07-13,iOS,66682
2017-07-13,mobile_web,25767
2017-07-14,Android,21997
2017-07-14,iOS,59815
2017-07-14,mobile_web,30722
2017-07-15,Android,21067
2017-07-15,iOS,58594
2017-07-15,mobile_web,26829
2017-07-16,Android,18674
2017-07-16,iOS,52577
2017-07-16,mobile_web,26861
2017-07-17,Android,24527
2017-07-17,iOS,56778
2017-07-17,mobile_web,36485
2017-07-18,Android,22146
2017-07-18,iOS,67810
2017-07-18,mobile_web,41315
2017-07-19,Android,22474
2017-07-19,iOS,60042
2017-07-19,mobile_web,36274
2017-07-20,Android,23965
2017-07-20,iOS,62215
2017-07-20,mobile_web,35642
2017-07-21,Android,17715
2017-07-21,iOS,56403
2017-07-21,mobile_web,30233
2017-07-22,Android,18951
2017-07-22,iOS,45563
2017-07-22,mobile_web,30533
2017-07-23,Android,17075
2017-07-23,iOS,52258
2017-07-23,mobile_web,32775
2017-07-24,Android,19760
2017-07-24,iOS,58714
2017-07-24,mobile_web,30918
2017-07-25,Android,23063
2017-07-25,iOS,62711
2017-07-25,mobile_web,39588
2017-07-26,Android,23259
2017-07-26,iOS,54695
2017-07-26,mobile_web,38040
2017-07-27,Android,17819
2017-07-27,iOS,50964
2017-07-27,mobile_web,33151
2017-07-28,Android,17405
2017-07-28,iOS,57769
2017-07-28,mobile_web,29280
2017-07-29,Android,17717
2017-07-29,iOS,48044
2017-07-29,mobile_web,28677
2017-07-30,Android,16098
2017-07-30,iOS,56305
2017-07-30,mobile_web,29122
2017-07-31,Android,20614
2017-07-31,iOS,69394
2017-07-31,mobile_web,34630
2017-08-01,Android,22129
2017-08-01,iOS,52256
2017-08-01,mobile_web,31729
2017-08-02,Android,22985
2017-08-02,iOS,50040
2017-08-02,mobile_web,32828
2017-08-03,Android,18947
2017-08-03,iOS,51139
2017-08-03,mobile_web,39234
2017-08-04,Android,16968
2017-08-04,iOS,57190
2017-08-04,mobile_web,29956
2017-08-05,Android,16388
2017-08-05,iOS,47680
2017-08-05,mobile_web,27933
2017-08-06,Android,18750
2017-08-06,iOS,50262
2017-08-06,mobile_web,28016
2017-08-07,Android,20471
2017-08-07,iOS,67178
2017-08-07,mobile_web,30034
2017-08-08,Android,21406
2017-08-08,iOS,51735
2017-08-08,mobile_web,34952
2017-08-09,Android,22341
2017-08-09,iOS,52921
2017-08-09,mobile_web,33503
2017-08-10,Android,20510
2017-08-10,iOS,52327
2017-08-10,mobile_web,35553
2017-08-11,Android,21677
2017-08-11,iOS,61810
2017-08-11,mobile_web,31135
2017-08-12,Android,16126
2017-08-12,iOS,54669
2017-08-12,mobile_web,25249
2017-08-13,Android,16978
2017-08-13,iOS,55392
2017-08-13,mobile_web,32539
2017-08-14,Android,21395
2017-08-14,iOS,57169
2017-08-14,mobile_web,30850
2017-08-15,Android,22496
2017-08-15,iOS,51296
2017-08-15,mobile_web,30202
2017-08-16,Android,22302
2017-08-16,iOS,60927
2017-08-16,mobile_web,31836
2017-08-17,Android,21327
2017-08-17,iOS,47829
2017-08-17,mobile_web,23197
2017-08-18,Android,20351
2017-08-18,iOS,43907
2017-08-18,mobile_web,25545
2017-08-19,Android,15410
2017-08-19,iOS,41534
2017-08-19,mobile_web,22512
2017-08-20,Android,15720
2017-08-20,iOS,46347
2017-08-20,mobile_web,24644
2017-08-21,Android,17563
2017-08-21,iOS,64555
2017-08-21,mobile_web,27999
2017-08-22,Android,19175
2017-08-22,iOS,58731
2017-08-22,mobile_web,29346
2017-08-23,Android,17855
2017-08-23,iOS,49741
2017-08-23,mobile_web,27978
2017-08-24,Android,15926
2017-08-24,iOS,55542
2017-08-24,mobile_web,20917
2017-08-25,Android,16822
2017-08-25,iOS,46045
2017-08-25,mobile_web,23903
2017-08-26,Android,15567
2017-08-26,iOS,40855
2017-08-26,mobile_web,19349
2017-08-27,Android,14459
2017-08-27,iOS,44999
2017-08-27,mobile_web,20060
2017-08-28,Android,19676
2017-08-28,iOS,44107
2017-08-28,mobile_web,26164
2017-08-29,Android,16703
2017-08-29,iOS,45174
2017-08-29,mobile_web,23374
2017-08-30,Android,17224
2017-08-30,iOS,48966
2017-08-30,mobile_web,25418
2017-08-31,Android,15873
2017-08-31,iOS,54530
2017-08-31,mobile_web,20240
2017-09-01,Android,15177
2017-09-01,iOS,43137
2017-09-01,mobile_web,21075
2017-09-02,Android,15241
2017-09-02,iOS,39035
2017-09-02,mobile_web,17878
2017-09-03,Android,14547
2017-09-03,iOS,47802
2017-09-03,mobile_web,19488
2017-09-04,Android,19202
2017-09-04,iOS,49648
2017-09-04,mobile_web,22048
2017-09-05,Android,18746
2017-09-05,iOS,53317
2017-09-05,mobile_web,25644
2017-09-06,Android,20521
2017-09-06,iOS,52781
2017-09-06,mobile_web,28114
2017-09-07,Android,16935
2017-09-07,iOS,45708
2017-09-07,mobile_web,23579
2017-09-08,Android,19879
2017-09-08,iOS,51135
2017-09-08,mobile_web,20899
2017-09-09,Android,15900
2017-09-09,iOS,44065
2017-09-09,mobile_web,22339
2017-09-10,Android,19251
2017-09-10,iOS,41548
2017-09-10,mobile_web,21513
2017-09-11,Android,21137
2017-09-11,iOS,48928
2017-09-11,mobile_web,28976
2017-09-12,Android,18381
2017-09-12,iOS,48363
2017-09-12,mobile_web,27531
2017-09-13,Android,18586
2017-09-13,iOS,52051
2017-09-13,mobile_web,24424
2017-09-14,Android,20456
2017-09-14,iOS,45193
2017-09-14,mobile_web,25813
2017-09-15,Android,18872
2017-09-15,iOS,55799
2017-09-15,mobile_web,24066
2017-09-16,Android,18105
2017-09-16,iOS,48108
2017-09-16,mobile_web,23203
2017-09-17,Android,17478
2017-09-17,iOS,53964
2017-09-17,mobile_web,22248
2017-09-18,Android,19252
2017-09-18,iOS,47779
2017-09-18,mobile_web,22601
2017-09-19,Android,17642
2017-09-19,iOS,58474
2017-09-19,mobile_web,22539
2017-09-20,Android,20600
2017-09-20,iOS,46974
2017-09-20,mobile_web,23983
2017-09-21,Android,17018
2017-09-21,iOS,53499
2017-09-21,mobile_web,25048
2017-09-22,Android,17674
2017-09-22,iOS,41690
2017-09-22,mobile_web,26076
2017-09-23,Android,16396
2017-09-23,iOS,35912
2017-09-23,mobile_web,19175
2017-09-24,Android,14731
2017-09-24,iOS,42099
2017-09-24,mobile_web,20820
2017-09-25,Android,19196
2017-09-25,iOS,54451
2017-09-25,mobile_web,25053
2017-09-26,Android,20518
2017-09-26,iOS,56325
2017-09-26,mobile_web,28356
2017-09-27,Android,18140
2017-09-27,iOS,46613
2017-09-27,mobile_web,24500
2017-09-28,Android,20811
2017-09-28,iOS,49225
2017-09-28,mobile_web,21088
2017-09-29,Android,17901
2017-09-29,iOS,43325
2017-09-29,mobile_web,19475
2017-09-30,Android,14530
2017-09-30,iOS,47010
2017-09-30,mobile_web,21582
2017-10-01,Android,18251
2017-10-01,iOS,45436
2017-10-01,mobile_web,18978
2017-10-02,Android,16457
2017-10-02,iOS,56607
2017-10-02,mobile_web,24434
2017-10-03,Android,20163
2017-10-03,iOS,54868
2017-10-03,mobile_web,23864
2017-10-04,Android,17857
2017-10-04,iOS,45049
2017-10-04,mobile_web,20991
2017-10-05,Android,20335
2017-10-05,iOS,53979
2017-10-05,mobile_web,20651
2017-10-06,Android,18748
2017-10-06,iOS,48082
2017-10-06,mobile_web,19399
2017-10-07,Android,15956
2017-10-07,iOS,44099
2017-10-07,mobile_web,16051
2017-10-08,Android,16697
2017-10-08,iOS,48446
2017-10-08,mobile_web,21111
2017-10-09,Android,20955
2017-10-09,iOS,44455
2017-10-09,mobile_web,21231
2017-10-10,Android,19733
2017-10-10,iOS,54289
2017-10-10,mobile_web,21378
2017-10-11,Android,16353
2017-10-11,iOS,55796
2017-10-11,mobile_web,21569
2017-10-12,Android,16036
2017-10-12,iOS,49442
2017-10-12,mobile_web,19212
2017-10-13,Android,18052
2017-10-13,iOS,50027
2017-10-13,mobile_web,17656
2017-10-14,Android,15027
2017-10-14,iOS,41816
2017-10-14,mobile_web,20085
2017-10-15,Android,15148
2017-10-15,iOS,37839
2017-10-15,mobile_web,19876
2017-10-16,Android,19650
2017-10-16,iOS,50742
2017-10-16,mobile_web,17927
2017-10-17,Android,20007
2017-10-17,iOS,51732
2017-10-17,mobile_web,19295
2017-10-18,Android,20707
2017-10-18,iOS,52992
2017-10-18,mobile_web,20800
2017-10-19,Android,19011
2017-10-19,iOS,42788
2017-10-19,mobile_web,19957
2017-10-20,Android,18459
2017-10-20,iOS,37668
2017-10-20,mobile_web,18904
2017-10-21,Android,17498
2017-10-21,iOS,42361
2017-10-21,mobile_web,16134
2017-10-22,Android,15250
2017-10-22,iOS,46900
2017-10-22,mobile_web,19926
2017-10-23,Android,18648
2017-10-23,iOS,45422
2017-10-23,mobile_web,17778
2017-10-24,Android,17339
2017-10-24,iOS,47312
2017-10-24,mobile_web,20347
2017-10-25,Android,19672
2017-10-25,iOS,41365
2017-10-25,mobile_web,17989
2017-10-26,Android,17052
2017-10-26,iOS,40910
2017-10-26,mobile_web,16798
2017-10-27,Android,19196
2017-10-27,iOS,48677
2017-10-27,mobile_web,18776
2017-10-28,Android,16818
2017-10-28,iOS,40072
2017-10-28,mobile_web,16014
2017-10-29,Android,16034
2017-10-29,iOS,46864
2017-10-29,mobile_web,20434
2017-10-30,Android,18205
2017-10-30,iOS,44910
2017-10-30,mobile_web,22131
2017-10-31,Android,17374
2017-10-31,iOS,45305
2017-10-31,mobile_web,22782
2017-11-01,Android,19493
2017-11-01,iOS,52815
2017-11-01,mobile_web,23369
2017-11-02,Android,19853
2017-11-02,iOS,45934
2017-11-02,mobile_web,21824
2017-11-03,Android,19897
2017-11-03,iOS,51614
2017-11-03,mobile_web,15706
2017-11-04,Android,18129
2017-11-04,iOS,47679
2017-11-04,mobile_web,18780
2017-11-05,Android,18142
2017-11-05,iOS,46579
2017-11-05,mobile_web,21054
2017-11-06,Android,20162
2017-11-06,iOS,54480
2017-11-06,mobile_web,23089
2017-11-07,Android,20910
2017-11-07,iOS,44617
2017-11-07,mobile_web,21274
2017-11-08,Android,21407
2017-11-08,iOS,52198
2017-11-08,mobile_web,20007
2017-11-09,Android,20689
2017-11-09,iOS,51813
2017-11-09,mobile_web,17709
2017-11-10,Android,15952
2017-11-10,iOS,36525
2017-11-10,mobile_web,17119
2017-11-11,Android,14788
2017-11-11,iOS,46858
2017-11-11,mobile_web,19496
2017-11-12,Android,16904
2017-11-12,iOS,46601
2017-11-12,mobile_web,21286
2017-11-13,Android,20292
2017-11-13,iOS,49639
2017-11-13,mobile_web,19912
2017-11-14,Android,23085
2017-11-14,iOS,42227
2017-11-14,mobile_web,19925
2017-11-15,Android,25196
2017-11-15,iOS,48669
2017-11-15,mobile_web,18354
2017-11-16,Android,22825
2017-11-16,iOS,59490
2017-11-16,mobile_web,17797
2017-11-17,Android,18462
2017-11-17,iOS,55103
2017-11-17,mobile_web,20692
2017-11-18,Android,19248
2017-11-18,iOS,50849
2017-11-18,mobile_web,20188
2017-11-19,Android,22562
2017-11-19,iOS,49799
2017-11-19,mobile_web,17872
2017-11-20,Android,24151
2017-11-20,iOS,51835
2017-11-20,mobile_web,19726
2017-11-21,Android,21707
2017-11-21,iOS,43211
2017-11-21,mobile_web,19874
2017-11-22,Android,19875
2017-11-22,iOS,52683
2017-11-22,mobile_web,19090
2017-11-23,Android,21496
2017-11-23,iOS,58734
2017-11-23,mobile_web,20531
2017-11-24,Android,23540
2017-11-24,iOS,48021
2017-11-24,mobile_web,18855
2017-11-25,Android,18318
2017-11-25,iOS,38259
2017-11-25,mobile_web,18020
2017-11-26,Android,21389
2017-11-26,iOS,48080
2017-11-26,mobile_web,19142
2017-11-27,Android,22155
2017-11-27,iOS,58525
2017-11-27,mobile_web,22886
2017-11-28,Android,21642
2017-11-28,iOS,53377
2017-11-28,mobile_web,22272
2017-11-29,Android,22372
2017-11-29,iOS,50458
2017-11-29,mobile_web,19995
2017-11-30,Android,23522
2017-11-30,iOS,50643
2017-11-30,mobile_web,18911
2017-12-01,Android,20668
2017-12-01,iOS,50037
2017-12-01,mobile_web,17781
2017-12-02,Android,21240
2017-12-02,iOS,42804
2017-12-02,mobile_web,18590
2017-12-03,Android,22815
2017-12-03,iOS,48769
2017-12-03,mobile_web,22146
2017-12-04,Android,20942
2017-12-04,iOS,59712
2017-12-04,mobile_web,24033
2017-12-05,Android,22947
2017-12-05,iOS,51749
2017-12-05,mobile_web,21953
2017-12-06,Android,23365
2017-12-06,iOS,56756
2017-12-06,mobile_web,19415
2017-12-07,Android,23178
2017-12-07,iOS,41901
2017-12-07,mobile_web,21505
2017-12-08,Android,19302
2017-12-08,iOS,54304
2017-12-08,mobile_web,17217
2017-12-09,Android,20027
2017-12-09,iOS,48257
2017-12-09,mobile_web,19104
2017-12-10,Android,20897
2017-12-10,iOS,56534
2017-12-10,mobile_web,22238
2017-12-11,Android,24424
2017-12-11,iOS,56272
2017-12-11,mobile_web,25080
2017-12-12,Android,21699
2017-12-12,iOS,47343
2017-12-12,mobile_web,23463
2017-12-13,Android,19308
2017-12-13,iOS,59814
2017-12-13,mobile_web,21775
2017-12-14,Android,22533
2017-12-14,iOS,51940
2017-12-14,mobile_web,22396
2017-12-15,Android,22227
2017-12-15,iOS,55937
2017-12-15,mobile_web,21916
2017-12-16,Android,22124
2017-12-16,iOS,45248
2017-12-16,mobile_web,17237
2017-12-17,Android,21371
2017-12-17,iOS,42343
2017-12-17,mobile_web,18306
2017-12-18,Android,23784
2017-12-18,iOS,47566
2017-12-18,mobile_web,20276
2017-12-19,Android,19586
2017-12-19,iOS,59209
2017-12-19,mobile_web,22530
2017-12-20,Android,25185
2017-12-20,iOS,58882
2017-12-20,mobile_web,20038
2017-12-21,Android,19444
2017-12-21,iOS,43702
2017-12-21,mobile_web,23333
2017-12-22,Android,18106
2017-12-22,iOS,47474
2017-12-22,mobile_web,19567
2017-12-23,Android,19989
2017-12-23,iOS,52301
2017-12-23,mobile_web,19797
2017-12-24,Android,19856
2017-12-24,iOS,47292
2017-12-24,mobile_web,19977
2017-12-25,Android,21243
2017-12-25,iOS,51731
2017-12-25,mobile_web,19852
2017-12-26,Android,24714
2017-12-26,iOS,57129
2017-12-26,mobile_web,21384
2017-12-27,Android,24514
2017-12-27,iOS,55202
2017-12-27,mobile_web,20198
2017-12-28,Android,20863
2017-12-28,iOS,49392
2017-12-28,mobile_web,21339
2017-12-29,Android,20293
2017-12-29,iOS,46176
2017-12-29,mobile_web,19882
2017-12-30,Android,17030
2017-12-30,iOS,50970
2017-12-30,mobile_web,19795
2017-12-31,Android,14707
2017-12-31,iOS,39938
2017-12-31,mobile_web,12118
2018-01-01,Android,22010
2018-01-01,iOS,52387
2018-01-01,mobile_web,23869
2018-01-02,Android,27987
2018-01-02,iOS,63365
2018-01-02,mobile_web,27597
2018-01-03,Android,27151
2018-01-03,iOS,72378
2018-01-03,mobile_web,31902
2018-01-04,Android,25388
2018-01-04,iOS,56778
2018-01-04,mobile_web,26782
2018-01-05,Android,24695
2018-01-05,iOS,60931
2018-01-05,mobile_web,23377
2018-01-06,Android,21621
2018-01-06,iOS,51881
2018-01-06,mobile_web,22100
2018-01-07,Android,25611
2018-01-07,iOS,57352
2018-01-07,mobile_web,24302
2018-01-08,Android,28628
2018-01-08,iOS,58873
2018-01-08,mobile_web,24120
2018-01-09,Android,28501
2018-01-09,iOS,62694
2018-01-09,mobile_web,25579
2018-01-10,Android,23124
2018-01-10,iOS,54532
2018-01-10,mobile_web,23683
2018-01-11,Android,25705
2018-01-11,iOS,67487
2018-01-11,mobile_web,26236
2018-01-12,Android,24089
2018-01-12,iOS,64470
2018-01-12,mobile_web,26422
2018-01-13,Android,20782
2018-01-13,iOS,47144
2018-01-13,mobile_web,25449
2018-01-14,Android,26322
2018-01-14,iOS,62398
2018-01-14,mobile_web,25855
2018-01-15,Android,21275
2018-01-15,iOS,54489
2018-01-15,mobile_web,27240
2018-01-16,Android,24151
2018-01-16,iOS,62095
2018-01-16,mobile_web,23496
2018-01-17,Android,26821
2018-01-17,iOS,66468
2018-01-17,mobile_web,21931
2018-01-18,Android,22092
2018-01-18,iOS,63887
2018-01-18,mobile_web,21415
2018-01-19,Android,19930
2018-01-19,iOS,47923
2018-01-19,mobile_web,20189
2018-01-20,Android,20086
2018-01-20,iOS,57114
2018-01-20,mobile_web,21426
2018-01-21,Android,22366
2018-01-21,iOS,64351
2018-01-21,mobile_web,27168
2018-01-22,Android,24915
2018-01-22,iOS,61604
2018-01-22,mobile_web,22469
2018-01-23,Android,21659
2018-01-23,iOS,61895
2018-01-23,mobile_web,26235
2018-01-24,Android,21314
2018-01-24,iOS,49615
2018-01-24,mobile_web,20548
2018-01-25,Android,25398
2018-01-25,iOS,60887
2018-01-25,mobile_web,25100
2018-01-26,Android,23596
2018-01-26,iOS,59958
2018-01-26,mobile_web,21008
2018-01-27,Android,19095
2018-01-27,iOS,45600
2018-01-27,mobile_web,23497
2018-01-28,Android,21585
2018-01-28,iOS,49546
2018-01-28,mobile_web,22025
2018-01-29,Android,23520
2018-01-29,iOS,56531
2018-01-29,mobile_web,26225
2018-01-30,Android,24567
2018-01-30,iOS,67313
2018-01-30,mobile_web,25511
2018-01-31,Android,25498
2018-01-31,iOS,60602
2018-01-31,mobile_web,21693
2018-02-01,Android,21211
2018-02-01,iOS,62860
2018-02-01,mobile_web,22827
2018-02-02,Android,19991
2018-02-02,iOS,49922
2018-02-02,mobile_web,18821
2018-02-03,Android,24161
2018-02-03,iOS,43996
2018-02-03,mobile_web,20321
2018-02-04,Android,21746
2018-02-04,iOS,61815
2018-02-04,mobile_web,22358
2018-02-05,Android,25672
2018-02-05,iOS,60382
2018-02-05,mobile_web,20565
2018-02-06,Android,23307
2018-02-06,iOS,49508
2018-02-06,mobile_web,18784
2018-02-07,Android,23645
2018-02-07,iOS,57811
2018-02-07,mobile_web,18891
2018-02-07,web,35465
2018-02-08,Android,27160
2018-02-08,iOS,65290
2018-02-08,mobile_web,24272
2018-02-08,web,119502
2018-02-09,Android,25078
2018-02-09,iOS,55363
2018-02-09,mobile_web,22384
2018-02-09,web,77243
2018-02-10,Android,22997
2018-02-10,iOS,57949
2018-02-10,mobile_web,22994
2018-02-10,web,53087
2018-02-11,Android,25336
2018-02-11,iOS,46555
2018-02-11,mobile_web,19081
2018-02-11,web,63912
2018-02-12,Android,24896
2018-02-12,iOS,52598
2018-02-12,mobile_web,19361
2018-02-12,web,91975
2018-02-13,Android,21294
2018-02-13,iOS,54994
2018-02-13,mobile_web,22065
2018-02-13,web,87212
2018-02-14,Android,22563
2018-02-14,iOS,53949
2018-02-14,mobile_web,20011
2018-02-14,web,73362
2018-02-15,Android,21138
2018-02-15,iOS,62793
2018-02-15,mobile_web,21371
2018-02-15,web,86691
2018-02-16,Android,24402
2018-02-16,iOS,43980
2018-02-16,mobile_web,19033
2018-02-16,web,68322
2018-02-17,Android,20258
2018-02-17,iOS,47824
2018-02-17,mobile_web,19934
2018-02-17,web,48298
2018-02-18,Android,19761
2018-02-18,iOS,57081
2018-02-18,mobile_web,20484
2018-02-18,web,52090
2018-02-19,Android,23161
2018-02-19,iOS,54480
2018-02-19,mobile_web,20785
2018-02-19,web,88709
2018-02-20,Android,23007
2018-02-20,iOS,58841
2018-02-20,mobile_web,22050
2018-02-20,web,85244
2018-02-21,Android,21313
2018-02-21,iOS,57582
2018-02-21,mobile_web,20127
2018-02-21,web,81027
2018-02-22,Android,23684
2018-02-22,iOS,45440
2018-02-22,mobile_web,17601
2018-02-22,web,70509
2018-02-23,Android,22289
2018-02-23,iOS,44933
2018-02-23,mobile_web,17262
2018-02-23,web,54602
2018-02-24,Android,20504
2018-02-24,iOS,48692
2018-02-24,mobile_web,20787
2018-02-24,web,51372
2018-02-25,Android,23501
2018-02-25,iOS,51139
2018-02-25,mobile_web,18793
2018-02-25,web,59061
2018-02-26,Android,21065
2018-02-26,iOS,63820
2018-02-26,mobile_web,23530
2018-02-26,web,85109
2018-02-27,Android,20430
2018-02-27,iOS,53538
2018-02-27,mobile_web,18481
2018-02-27,web,95448
2018-02-28,Android,25320
2018-02-28,iOS,57291
2018-02-28,mobile_web,19832
2018-02-28,web,85264
2018-03-01,Android,25828
2018-03-01,iOS,66013
2018-03-01,mobile_web,24701
2018-03-01,web,84590
2018-03-02,Android,23549
2018-03-02,iOS,60464
2018-03-02,mobile_web,19152
2018-03-02,web,79659
2018-03-03,Android,22749
2018-03-03,iOS,57627
2018-03-03,mobile_web,21249
2018-03-03,web,59219
2018-03-04,Android,21257
2018-03-04,iOS,55468
2018-03-04,mobile_web,25203
2018-03-04,web,62358
2018-03-05,Android,25541
2018-03-05,iOS,66200
2018-03-05,mobile_web,24621
2018-03-05,web,91744
2018-03-06,Android,26260
2018-03-06,iOS,64019
2018-03-06,mobile_web,19644
2018-03-06,web,91545
2018-03-07,Android,22105
2018-03-07,iOS,50178
2018-03-07,mobile_web,20392
2018-03-07,web,60698
2018-03-08,Android,21683
2018-03-08,iOS,44498
2018-03-08,mobile_web,18367
2018-03-08,web,44042
2018-03-09,Android,19912
2018-03-09,iOS,53429
2018-03-09,mobile_web,22270
2018-03-09,web,51514
2018-03-10,Android,24267
2018-03-10,iOS,58780
2018-03-10,mobile_web,20091
2018-03-10,web,51199
2018-03-11,Android,24739
2018-03-11,iOS,58763
2018-03-11,mobile_web,26962
2018-03-11,web,64517
2018-03-12,Android,23507
2018-03-12,iOS,58081
2018-03-12,mobile_web,26989
2018-03-12,web,89853
2018-03-13,Android,27353
2018-03-13,iOS,60662
2018-03-13,mobile_web,26882
2018-03-13,web,102171
2018-03-14,Android,26274
2018-03-14,iOS,66324
2018-03-14,mobile_web,25197
2018-03-14,web,96794
2018-03-15,Android,24306
2018-03-15,iOS,60473
2018-03-15,mobile_web,23023
2018-03-15,web,107697
2018-03-16,Android,22821
2018-03-16,iOS,48629
2018-03-16,mobile_web,21423
2018-03-16,web,107041
2018-03-17,Android,26272
2018-03-17,iOS,53562
2018-03-17,mobile_web,22234
2018-03-17,web,69982
2018-03-18,Android,23418
2018-03-18,iOS,59960
2018-03-18,mobile_web,23115
2018-03-18,web,78123
2018-03-19,Android,28789
2018-03-19,iOS,58409
2018-03-19,mobile_web,28553
2018-03-19,web,104232
2018-03-20,Android,26264
2018-03-20,iOS,62933
2018-03-20,mobile_web,30427
2018-03-20,web,126007
2018-03-21,Android,24689
2018-03-21,iOS,65621
2018-03-21,mobile_web,23865
2018-03-21,web,119167
2018-03-22,Android,22850
2018-03-22,iOS,55964
2018-03-22,mobile_web,23642
2018-03-22,web,107187
2018-03-23,Android,26633
2018-03-23,iOS,58581
2018-03-23,mobile_web,26328
2018-03-23,web,103949
2018-03-24,Android,27052
2018-03-24,iOS,52607
2018-03-24,mobile_web,26903
2018-03-24,web,75855
2018-03-25,Android,26070
2018-03-25,iOS,53010
2018-03-25,mobile_web,28744
2018-03-25,web,80116
2018-03-26,Android,24604
2018-03-26,iOS,49796
2018-03-26,mobile_web,24863
2018-03-26,web,104579
2018-03-27,Android,22949
2018-03-27,iOS,62786
2018-03-27,mobile_web,23738
2018-03-27,web,105563
2018-03-28,Android,21736
2018-03-28,iOS,54830
2018-03-28,mobile_web,22067
2018-03-28,web,109658
2018-03-29,Android,26726
2018-03-29,iOS,50641
2018-03-29,mobile_web,23750
2018-03-29,web,93255
2018-03-30,Android,24122
2018-03-30,iOS,54003
2018-03-30,mobile_web,23377
2018-03-30,web,100567
2018-03-31,Android,24164
2018-03-31,iOS,54655
2018-03-31,mobile_web,22226
2018-03-31,web,64622
2018-04-01,Android,23810
2018-04-01,iOS,66801
2018-04-01,mobile_web,27070
2018-04-01,web,78399
2018-04-02,Android,29175
2018-04-02,iOS,63805
2018-04-02,mobile_web,28193
2018-04-02,web,118342
2018-04-03,Android,24509
2018-04-03,iOS,52604
2018-04-03,mobile_web,31518
2018-04-03,web,121463
2018-04-04,Android,23279
2018-04-04,iOS,68133
2018-04-04,mobile_web,24995
2018-04-04,web,106630
2018-04-05,Android,22734
2018-04-05,iOS,56231
2018-04-05,mobile_web,25063
2018-04-05,web,99777
2018-04-06,Android,26282
2018-04-06,iOS,59979
2018-04-06,mobile_web,21806
2018-04-06,web,94461
2018-04-07,Android,20888
2018-04-07,iOS,56358
2018-04-07,mobile_web,26822
2018-04-07,web,65665
2018-04-08,Android,26919
2018-04-08,iOS,54218
2018-04-08,mobile_web,27392
2018-04-08,web,70451
2018-04-09,Android,26298
2018-04-09,iOS,69831
2018-04-09,mobile_web,25295
2018-04-09,web,111561
2018-04-10,Android,26378
2018-04-10,iOS,58048
2018-04-10,mobile_web,27969
2018-04-10,web,128160
2018-04-11,Android,28592
2018-04-11,iOS,68402
2018-04-11,mobile_web,27993
2018-04-11,web,112220
2018-04-12,Android,27577
2018-04-12,iOS,53791
2018-04-12,mobile_web,27496
2018-04-12,web,104340
2018-04-13,Android,24150
2018-04-13,iOS,54238
2018-04-13,mobile_web,23805
2018-04-13,web,107163
2018-04-14,Android,23665
2018-04-14,iOS,59096
2018-04-14,mobile_web,22285
2018-04-14,web,65083
2018-04-15,Android,22920
2018-04-15,iOS,52967
2018-04-15,mobile_web,27676
2018-04-15,web,78425
2018-04-16,Android,29533
2018-04-16,iOS,56010
2018-04-16,mobile_web,32610
2018-04-16,web,106319
2018-04-17,Android,27358
2018-04-17,iOS,61294
2018-04-17,mobile_web,27591
2018-04-17,web,119231
2018-04-18,Android,30872
2018-04-18,iOS,77907
2018-04-18,mobile_web,31968
2018-04-18,web,130353
2018-04-19,Android,30136
2018-04-19,iOS,74247
2018-04-19,mobile_web,27606
2018-04-19,web,110476
2018-04-20,Android,29101
2018-04-20,iOS,63467
2018-04-20,mobile_web,26179
2018-04-20,web,97659
2018-04-21,Android,21797
2018-04-21,iOS,58336
2018-04-21,mobile_web,28065
2018-04-21,web,79181
2018-04-22,Android,22777
2018-04-22,iOS,69190
2018-04-22,mobile_web,25647
2018-04-22,web,78123
2018-04-23,Android,24809
2018-04-23,iOS,63605
2018-04-23,mobile_web,34944
2018-04-23,web,124565
2018-04-24,Android,24560
2018-04-24,iOS,79902
2018-04-24,mobile_web,35242
2018-04-24,web,115983
2018-04-25,Android,29403
2018-04-25,iOS,72686
2018-04-25,mobile_web,30788
2018-04-25,web,114227
2018-04-26,Android,31134
2018-04-26,iOS,62626
2018-04-26,mobile_web,32600
2018-04-26,web,121393
2018-04-27,Android,23834
2018-04-27,iOS,64933
2018-04-27,mobile_web,29758
2018-04-27,web,108660
2018-04-28,Android,23301
2018-04-28,iOS,56145
2018-04-28,mobile_web,24380
2018-04-28,web,84985
2018-04-29,Android,21335
2018-04-29,iOS,53025
2018-04-29,mobile_web,29262
2018-04-29,web,64879
2018-04-30,Android,21885
2018-04-30,iOS,63129
2018-04-30,mobile_web,27136
2018-04-30,web,66459
2018-05-01,Android,23030
2018-05-01,iOS,46189
2018-05-01,mobile_web,27210
2018-05-01,web,64648
2018-05-02,Android,27609
2018-05-02,iOS,64518
2018-05-02,mobile_web,29289
2018-05-02,web,83485
2018-05-03,Android,24341
2018-05-03,iOS,72204
2018-05-03,mobile_web,33687
2018-05-03,web,119158
2018-05-04,Android,26369
2018-05-04,iOS,62180
2018-05-04,mobile_web,29684
2018-05-04,web,106160
2018-05-05,Android,22957
2018-05-05,iOS,52548
2018-05-05,mobile_web,26905
2018-05-05,web,62279
2018-05-06,Android,25767
2018-05-06,iOS,62670
2018-05-06,mobile_web,28268
2018-05-06,web,76669
2018-05-07,Android,28373
2018-05-07,iOS,54490
2018-05-07,mobile_web,28925
2018-05-07,web,121823
2018-05-08,Android,27325
2018-05-08,iOS,53883
2018-05-08,mobile_web,30491
2018-05-08,web,97334
2018-05-09,Android,19681
2018-05-09,iOS,48450
2018-05-09,mobile_web,25730
2018-05-09,web,70855
2018-05-10,Android,25556
2018-05-10,iOS,67768
2018-05-10,mobile_web,28126
2018-05-10,web,107853
2018-05-11,Android,26006
2018-05-11,iOS,66199
2018-05-11,mobile_web,31168
2018-05-11,web,111194
2018-05-12,Android,23832
2018-05-12,iOS,55580
2018-05-12,mobile_web,25832
2018-05-12,web,67687
2018-05-13,Android,22965
2018-05-13,iOS,59222
2018-05-13,mobile_web,28883
2018-05-13,web,71097
2018-05-14,Android,26749
2018-05-14,iOS,67265
2018-05-14,mobile_web,35472
2018-05-14,web,128477
2018-05-15,Android,29448
2018-05-15,iOS,71253
2018-05-15,mobile_web,29834
2018-05-15,web,129895
2018-05-16,Android,29930
2018-05-16,iOS,53099
2018-05-16,mobile_web,31211
2018-05-16,web,127616
2018-05-17,Android,27014
2018-05-17,iOS,59176
2018-05-17,mobile_web,31729
2018-05-17,web,113870
2018-05-18,Android,30103
2018-05-18,iOS,64835
2018-05-18,mobile_web,27405
2018-05-18,web,108741
2018-05-19,Android,26781
2018-05-19,iOS,55552
2018-05-19,mobile_web,25537
2018-05-19,web,65085
2018-05-20,Android,23963
2018-05-20,iOS,62573
2018-05-20,mobile_web,32017
2018-05-20,web,73817
2018-05-21,Android,30271
2018-05-21,iOS,69378
2018-05-21,mobile_web,36986
2018-05-21,web,115649
2018-05-22,Android,28507
2018-05-22,iOS,56271
2018-05-22,mobile_web,34452
2018-05-22,web,116434
2018-05-23,Android,26887
2018-05-23,iOS,56798
2018-05-23,mobile_web,33961
2018-05-23,web,115049
2018-05-24,Android,29489
2018-05-24,iOS,57748
2018-05-24,mobile_web,30112
2018-05-24,web,111140
2018-05-25,Android,25261
2018-05-25,iOS,50761
2018-05-25,mobile_web,29601
2018-05-25,web,93754
2018-05-26,Android,26511
2018-05-26,iOS,50065
2018-05-26,mobile_web,26308
2018-05-26,web,60217
2018-05-27,Android,28367
2018-05-27,iOS,54339
2018-05-27,mobile_web,28741
2018-05-27,web,75454
2018-05-28,Android,28832
2018-05-28,iOS,73544
2018-05-28,mobile_web,38168
2018-05-28,web,117624
2018-05-29,Android,27838
2018-05-29,iOS,75157
2018-05-29,mobile_web,34816
2018-05-29,web,128537
2018-05-30,Android,28051
2018-05-30,iOS,77012
2018-05-30,mobile_web,34868
2018-05-30,web,134052
2018-05-31,Android,30436
2018-05-31,iOS,73545
2018-05-31,mobile_web,36978
2018-05-31,web,118060
2018-06-01,Android,31821
2018-06-01,iOS,66926
2018-06-01,mobile_web,32152
2018-06-01,web,114096
2018-06-02,Android,24928
2018-06-02,iOS,67102
2018-06-02,mobile_web,27862
2018-06-02,web,75693
2018-06-03,Android,31024
2018-06-03,iOS,54333
2018-06-03,mobile_web,35159
2018-06-03,web,83047
2018-06-04,Android,31407
2018-06-04,iOS,70904
2018-06-04,mobile_web,41617
2018-06-04,web,139240
2018-06-05,Android,29326
2018-06-05,iOS,72738
2018-06-05,mobile_web,42543
2018-06-05,web,144192
2018-06-06,Android,35314
2018-06-06,iOS,84279
2018-06-06,mobile_web,35616
2018-06-06,web,127118
2018-06-07,Android,29762
2018-06-07,iOS,81632
2018-06-07,mobile_web,38119
2018-06-07,web,129330
2018-06-08,Android,32819
2018-06-08,iOS,80170
2018-06-08,mobile_web,35905
2018-06-08,web,122254
2018-06-09,Android,25667
2018-06-09,iOS,63723
2018-06-09,mobile_web,36009
2018-06-09,web,95412
2018-06-10,Android,25606
2018-06-10,iOS,72436
2018-06-10,mobile_web,35617
2018-06-10,web,77265
2018-06-11,Android,27666
2018-06-11,iOS,70455
2018-06-11,mobile_web,32629
2018-06-11,web,76708
2018-06-12,Android,30988
2018-06-12,iOS,75715
2018-06-12,mobile_web,36214
2018-06-12,web,83703
2018-06-13,Android,33619
2018-06-13,iOS,68003
2018-06-13,mobile_web,38658
2018-06-13,web,123670
2018-06-14,Android,26149
2018-06-14,iOS,71093
2018-06-14,mobile_web,37841
2018-06-14,web,105226
2018-06-15,Android,28553
2018-06-15,iOS,65610
2018-06-15,mobile_web,35759
2018-06-15,web,114562
2018-06-16,Android,30405
2018-06-16,iOS,55713
2018-06-16,mobile_web,34287
2018-06-16,web,74286
2018-06-17,Android,23333
2018-06-17,iOS,66870
2018-06-17,mobile_web,35837
2018-06-17,web,71095
2018-06-18,Android,32368
2018-06-18,iOS,79044
2018-06-18,mobile_web,41476
2018-06-18,web,127420
2018-06-19,Android,35521
2018-06-19,iOS,64963
2018-06-19,mobile_web,37649
2018-06-19,web,120195
2018-06-20,Android,29173
2018-06-20,iOS,61993
2018-06-20,mobile_web,42696
2018-06-20,web,120658
2018-06-21,Android,32318
2018-06-21,iOS,69160
2018-06-21,mobile_web,38624
2018-06-21,web,135705
2018-06-22,Android,29227
2018-06-22,iOS,74169
2018-06-22,mobile_web,35548
2018-06-22,web,109649
2018-06-23,Android,28776
2018-06-23,iOS,58588
2018-06-23,mobile_web,33025
2018-06-23,web,79575
2018-06-24,Android,28590
2018-06-24,iOS,69353
2018-06-24,mobile_web,35551
2018-06-24,web,72824
2018-06-25,Android,29195
2018-06-25,iOS,81292
2018-06-25,mobile_web,38694
2018-06-25,web,119988
2018-06-26,Android,29161
2018-06-26,iOS,81492
2018-06-26,mobile_web,36900
2018-06-26,web,121492
2018-06-27,Android,33622
2018-06-27,iOS,70285
2018-06-27,mobile_web,45968
2018-06-27,web,133470
2018-06-28,Android,31543
2018-06-28,iOS,84363
2018-06-28,mobile_web,42693
2018-06-28,web,128012
2018-06-29,Android,30513
2018-06-29,iOS,85300
2018-06-29,mobile_web,37849
2018-06-29,web,111213
2018-06-30,Android,33290
2018-06-30,iOS,59404
2018-06-30,mobile_web,31188
2018-06-30,web,72394
2018-07-01,Android,31558
2018-07-01,iOS,72140
2018-07-01,mobile_web,33730
2018-07-01,web,69898
2018-07-02,Android,29292
2018-07-02,iOS,70708
2018-07-02,mobile_web,37517
2018-07-02,web,138447
2018-07-03,Android,35269
2018-07-03,iOS,72019
2018-07-03,mobile_web,48910
2018-07-03,web,126346
2018-07-04,Android,36251
2018-07-04,iOS,71015
2018-07-04,mobile_web,43906
2018-07-04,web,134209
2018-07-05,Android,38774
2018-07-05,iOS,83356
2018-07-05,mobile_web,40847
2018-07-05,web,142515
2018-07-06,Android,33103
2018-07-06,iOS,83305
2018-07-06,mobile_web,35445
2018-07-06,web,113141
2018-07-07,Android,25921
2018-07-07,iOS,57270
2018-07-07,mobile_web,33703
2018-07-07,web,79259
2018-07-08,Android,28479
2018-07-08,iOS,81754
2018-07-08,mobile_web,38789
2018-07-08,web,83567
2018-07-09,Android,36013
2018-07-09,iOS,91634
2018-07-09,mobile_web,42676
2018-07-09,web,140306
2018-07-10,Android,37198
2018-07-10,iOS,91261
2018-07-10,mobile_web,49320
2018-07-10,web,143922
2018-07-11,Android,34342
2018-07-11,iOS,90706
2018-07-11,mobile_web,40373
2018-07-11,web,132717
2018-07-12,Android,36256
2018-07-12,iOS,91090
2018-07-12,mobile_web,43708
2018-07-12,web,138978
2018-07-13,Android,35799
2018-07-13,iOS,75622
2018-07-13,mobile_web,35621
2018-07-13,web,117421
2018-07-14,Android,30595
2018-07-14,iOS,70728
2018-07-14,mobile_web,39573
2018-07-14,web,77722
2018-07-15,Android,30100
2018-07-15,iOS,57722
2018-07-15,mobile_web,41894
2018-07-15,web,70764
2018-07-16,Android,33504
2018-07-16,iOS,94448
2018-07-16,mobile_web,53124
2018-07-16,web,158082
2018-07-17,Android,34982
2018-07-17,iOS,70573
2018-07-17,mobile_web,53300
2018-07-17,web,160340
2018-07-18,Android,34476
2018-07-18,iOS,81608
2018-07-18,mobile_web,48308
2018-07-18,web,146034
2018-07-19,Android,36404
2018-07-19,iOS,75259
2018-07-19,mobile_web,47301
2018-07-19,web,134392
2018-07-20,Android,34497
2018-07-20,iOS,69941
2018-07-20,mobile_web,45238
2018-07-20,web,118557
2018-07-21,Android,31299
2018-07-21,iOS,70980
2018-07-21,mobile_web,43133
2018-07-21,web,76826
2018-07-22,Android,35781
2018-07-22,iOS,64707
2018-07-22,mobile_web,40292
2018-07-22,web,93384
2018-07-23,Android,32485
2018-07-23,iOS,90394
2018-07-23,mobile_web,46001
2018-07-23,web,138697
2018-07-24,Android,39472
2018-07-24,iOS,85390
2018-07-24,mobile_web,41471
2018-07-24,web,146333
2018-07-25,Android,40568
2018-07-25,iOS,94568
2018-07-25,mobile_web,43402
2018-07-25,web,144457
2018-07-26,Android,39903
2018-07-26,iOS,80801
2018-07-26,mobile_web,37045
2018-07-26,web,138459
2018-07-27,Android,33145
2018-07-27,iOS,75065
2018-07-27,mobile_web,37098
2018-07-27,web,107144
2018-07-28,Android,29063
2018-07-28,iOS,70505
2018-07-28,mobile_web,31198
2018-07-28,web,70456
2018-07-29,Android,30166
2018-07-29,iOS,76305
2018-07-29,mobile_web,29312
2018-07-29,web,66895
2018-07-30,Android,34802
2018-07-30,iOS,96806
2018-07-30,mobile_web,38311
2018-07-30,web,121721
2018-07-31,Android,37927
2018-07-31,iOS,79212
2018-07-31,mobile_web,36642
2018-07-31,web,142852
2018-08-01,Android,39180
2018-08-01,iOS,75408
2018-08-01,mobile_web,41144
2018-08-01,web,158760
2018-08-02,Android,38594
2018-08-02,iOS,75661
2018-08-02,mobile_web,42991
2018-08-02,web,139266
2018-08-03,Android,33577
2018-08-03,iOS,86752
2018-08-03,mobile_web,37394
2018-08-03,web,124897
2018-08-04,Android,32954
2018-08-04,iOS,69094
2018-08-04,mobile_web,41002
2018-08-04,web,84574
2018-08-05,Android,32508
2018-08-05,iOS,76289
2018-08-05,mobile_web,35659
2018-08-05,web,96383
2018-08-06,Android,36780
2018-08-06,iOS,79518
2018-08-06,mobile_web,38072
2018-08-06,web,137308
2018-08-07,Android,39317
2018-08-07,iOS,73855
2018-08-07,mobile_web,46928
2018-08-07,web,135583
2018-08-08,Android,33487
2018-08-08,iOS,72497
2018-08-08,mobile_web,40967
2018-08-08,web,152206
2018-08-09,Android,32812
2018-08-09,iOS,94714
2018-08-09,mobile_web,41004
2018-08-09,web,143437
2018-08-10,Android,33784
2018-08-10,iOS,84855
2018-08-10,mobile_web,38442
2018-08-10,web,122210
2018-08-11,Android,27674
2018-08-11,iOS,77645
2018-08-11,mobile_web,39454
2018-08-11,web,82401
2018-08-12,Android,28662
2018-08-12,iOS,73162
2018-08-12,mobile_web,40320
2018-08-12,web,91015
2018-08-13,Android,41071
2018-08-13,iOS,89938
2018-08-13,mobile_web,41050
2018-08-13,web,146065
2018-08-14,Android,37640
2018-08-14,iOS,85412
2018-08-14,mobile_web,43587
2018-08-14,web,165194
2018-08-15,Android,38810
2018-08-15,iOS,84783
2018-08-15,mobile_web,41052
2018-08-15,web,166150
2018-08-16,Android,40443
2018-08-16,iOS,84318
2018-08-16,mobile_web,44602
2018-08-16,web,131965
2018-08-17,Android,35914
2018-08-17,iOS,65931
2018-08-17,mobile_web,40551
2018-08-17,web,119018
2018-08-18,Android,29747
2018-08-18,iOS,63907
2018-08-18,mobile_web,37388
2018-08-18,web,82733
2018-08-19,Android,31590
2018-08-19,iOS,80015
2018-08-19,mobile_web,34459
2018-08-19,web,95070
2018-08-20,Android,36060
2018-08-20,iOS,67501
2018-08-20,mobile_web,41520
2018-08-20,web,140091
2018-08-21,Android,37041
2018-08-21,iOS,85306
2018-08-21,mobile_web,41625
2018-08-21,web,144230
2018-08-22,Android,35279
2018-08-22,iOS,76927
2018-08-22,mobile_web,41000
2018-08-22,web,143512
2018-08-23,Android,32060
2018-08-23,iOS,85386
2018-08-23,mobile_web,40466
2018-08-23,web,115376
2018-08-24,Android,31676
2018-08-24,iOS,75034
2018-08-24,mobile_web,30785
2018-08-24,web,115962
2018-08-25,Android,30012
2018-08-25,iOS,60326
2018-08-25,mobile_web,27334
2018-08-25,web,81396
2018-08-26,Android,27601
2018-08-26,iOS,56692
2018-08-26,mobile_web,31342
2018-08-26,web,88523
2018-08-27,Android,35976
2018-08-27,iOS,74040
2018-08-27,mobile_web,36555
2018-08-27,web,130091
2018-08-28,Android,35947
2018-08-28,iOS,64705
2018-08-28,mobile_web,29405
2018-08-28,web,136204
2018-08-29,Android,34471
2018-08-29,iOS,74341
2018-08-29,mobile_web,29212
2018-08-29,web,129095
2018-08-30,Android,31231
2018-08-30,iOS,80322
2018-08-30,mobile_web,30594
2018-08-30,web,112477
2018-08-31,Android,30400
2018-08-31,iOS,65318
2018-08-31,mobile_web,30086
2018-08-31,web,111311
2018-09-01,Android,30332
2018-09-01,iOS,57286
2018-09-01,mobile_web,26941
2018-09-01,web,70999
2018-09-02,Android,30197
2018-09-02,iOS,66124
2018-09-02,mobile_web,32382
2018-09-02,web,76583
2018-09-03,Android,31488
2018-09-03,iOS,78845
2018-09-03,mobile_web,32279
2018-09-03,web,135356
2018-09-04,Android,37664
2018-09-04,iOS,77448
2018-09-04,mobile_web,31143
2018-09-04,web,127486
2018-09-05,Android,33933
2018-09-05,iOS,79467
2018-09-05,mobile_web,29900
2018-09-05,web,135970
2018-09-06,Android,35723
2018-09-06,iOS,67190
2018-09-06,mobile_web,33230
2018-09-06,web,125757
2018-09-07,Android,31715
2018-09-07,iOS,71381
2018-09-07,mobile_web,27432
2018-09-07,web,107700
2018-09-08,Android,30006
2018-09-08,iOS,67599
2018-09-08,mobile_web,28013
2018-09-08,web,78685
2018-09-09,Android,26556
2018-09-09,iOS,68060
2018-09-09,mobile_web,28594
2018-09-09,web,84069
2018-09-10,Android,35624
2018-09-10,iOS,70323
2018-09-10,mobile_web,28680
2018-09-10,web,131256
2018-09-11,Android,36085
2018-09-11,iOS,73982
2018-09-11,mobile_web,28505
2018-09-11,web,130168
2018-09-12,Android,30251
2018-09-12,iOS,67215
2018-09-12,mobile_web,27059
2018-09-12,web,130397
2018-09-13,Android,32977
2018-09-13,iOS,78335
2018-09-13,mobile_web,30360
2018-09-13,web,129747
2018-09-14,Android,27448
2018-09-14,iOS,62713
2018-09-14,mobile_web,33460
2018-09-14,web,112500
2018-09-15,Android,26926
2018-09-15,iOS,58458
2018-09-15,mobile_web,30332
2018-09-15,web,73747
2018-09-16,Android,28774
2018-09-16,iOS,66086
2018-09-16,mobile_web,30404
2018-09-16,web,75424
2018-09-17,Android,34792
2018-09-17,iOS,83239
2018-09-17,mobile_web,28557
2018-09-17,web,121816
2018-09-18,Android,34011
2018-09-18,iOS,74566
2018-09-18,mobile_web,30711
2018-09-18,web,135057
2018-09-19,Android,27636
2018-09-19,iOS,75683
2018-09-19,mobile_web,33930
2018-09-19,web,135018
2018-09-20,Android,31242
2018-09-20,iOS,70039
2018-09-20,mobile_web,28501
2018-09-20,web,112096
2018-09-21,Android,31413
2018-09-21,iOS,62185
2018-09-21,mobile_web,31048
2018-09-21,web,104221
2018-09-22,Android,23745
2018-09-22,iOS,55821
2018-09-22,mobile_web,29772
2018-09-22,web,63182
2018-09-23,Android,25603
2018-09-23,iOS,60944
2018-09-23,mobile_web,25796
2018-09-23,web,69833
2018-09-24,Android,30526
2018-09-24,iOS,64241
2018-09-24,mobile_web,26875
2018-09-24,web,115234
2018-09-25,Android,33964
2018-09-25,iOS,63848
2018-09-25,mobile_web,31943
2018-09-25,web,112274
2018-09-26,Android,28947
2018-09-26,iOS,71882
2018-09-26,mobile_web,30252
2018-09-26,web,126476
2018-09-27,Android,27260
2018-09-27,iOS,63487
2018-09-27,mobile_web,27613
2018-09-27,web,107924
2018-09-28,Android,28356
2018-09-28,iOS,57754
2018-09-28,mobile_web,27523
2018-09-28,web,101387
2018-09-29,Android,24595
2018-09-29,iOS,54349
2018-09-29,mobile_web,28060
2018-09-29,web,69772
2018-09-30,Android,30415
2018-09-30,iOS,61016
2018-09-30,mobile_web,26651
2018-09-30,web,71655
2018-10-01,Android,32420
2018-10-01,iOS,67819
2018-10-01,mobile_web,33201
2018-10-01,web,128611
2018-10-02,Android,27582
2018-10-02,iOS,64644
2018-10-02,mobile_web,28063
2018-10-02,web,116574
2018-10-03,Android,25504
2018-10-03,iOS,73980
2018-10-03,mobile_web,31996
2018-10-03,web,126897
2018-10-04,Android,29559
2018-10-04,iOS,58519
2018-10-04,mobile_web,25183
2018-10-04,web,115198
2018-10-05,Android,23136
2018-10-05,iOS,60640
2018-10-05,mobile_web,25224
2018-10-05,web,94167
2018-10-06,Android,26927
2018-10-06,iOS,50487
2018-10-06,mobile_web,28012
2018-10-06,web,70430
2018-10-07,Android,23453
2018-10-07,iOS,62278
2018-10-07,mobile_web,27522
2018-10-07,web,71320
2018-10-08,Android,27503
2018-10-08,iOS,69131
2018-10-08,mobile_web,27985
2018-10-08,web,122948
2018-10-09,Android,25841
2018-10-09,iOS,72543
2018-10-09,mobile_web,32506
2018-10-09,web,108460
2018-10-10,Android,30568
2018-10-10,iOS,64136
2018-10-10,mobile_web,26586
2018-10-10,web,122894
2018-10-11,Android,26325
2018-10-11,iOS,71162
2018-10-11,mobile_web,24936
2018-10-11,web,113490
2018-10-12,Android,23825
2018-10-12,iOS,56731
2018-10-12,mobile_web,25641
2018-10-12,web,94146
2018-10-13,Android,22058
2018-10-13,iOS,66570
2018-10-13,mobile_web,24093
2018-10-13,web,75613
2018-10-14,Android,27561
2018-10-14,iOS,65057
2018-10-14,mobile_web,29464
2018-10-14,web,76997
2018-10-15,Android,25553
2018-10-15,iOS,63363
2018-10-15,mobile_web,26161
2018-10-15,web,130270
2018-10-16,Android,26290
2018-10-16,iOS,62942
2018-10-16,mobile_web,28860
2018-10-16,web,110657
2018-10-17,Android,30145
2018-10-17,iOS,77067
2018-10-17,mobile_web,28655
2018-10-17,web,112385
2018-10-18,Android,28857
2018-10-18,iOS,70449
2018-10-18,mobile_web,28596
2018-10-18,web,107635
2018-10-19,Android,28539
2018-10-19,iOS,65678
2018-10-19,mobile_web,24116
2018-10-19,web,89527
2018-10-20,Android,22900
2018-10-20,iOS,48557
2018-10-20,mobile_web,28718
2018-10-20,web,72511
2018-10-21,Android,23238
2018-10-21,iOS,70739
2018-10-21,mobile_web,28150
2018-10-21,web,71352
2018-10-22,Android,29662
2018-10-22,iOS,71672
2018-10-22,mobile_web,31891
2018-10-22,web,127007
2018-10-23,Android,30820
2018-10-23,iOS,75193
2018-10-23,mobile_web,29197
2018-10-23,web,128498
2018-10-24,Android,29215
2018-10-24,iOS,67492
2018-10-24,mobile_web,27862
2018-10-24,web,114305
2018-10-25,Android,31751
2018-10-25,iOS,73486
2018-10-25,mobile_web,32089
2018-10-25,web,125033
2018-10-26,Android,26836
2018-10-26,iOS,62227
2018-10-26,mobile_web,29626
2018-10-26,web,98651
2018-10-27,Android,25336
2018-10-27,iOS,53717
2018-10-27,mobile_web,27542
2018-10-27,web,68099
2018-10-28,Android,26842
2018-10-28,iOS,60275
2018-10-28,mobile_web,27471
2018-10-28,web,87145
2018-10-29,Android,27808
2018-10-29,iOS,71362
2018-10-29,mobile_web,26871
2018-10-29,web,119672
2018-10-30,Android,25991
2018-10-30,iOS,62912
2018-10-30,mobile_web,26315
2018-10-30,web,112411
2018-10-31,Android,25572
2018-10-31,iOS,56866
2018-10-31,mobile_web,26498
2018-10-31,web,121004
2018-11-01,Android,29606
2018-11-01,iOS,57807
2018-11-01,mobile_web,27062
2018-11-01,web,118726
2018-11-02,Android,24785
2018-11-02,iOS,71971
2018-11-02,mobile_web,24477
2018-11-02,web,92687
2018-11-03,Android,23889
2018-11-03,iOS,64907
2018-11-03,mobile_web,22233
2018-11-03,web,71237
2018-11-04,Android,23112
2018-11-04,iOS,56310
2018-11-04,mobile_web,26977
2018-11-04,web,67644
2018-11-05,Android,26522
2018-11-05,iOS,59008
2018-11-05,mobile_web,29893
2018-11-05,web,88783
2018-11-06,Android,24989
2018-11-06,iOS,67548
2018-11-06,mobile_web,25282
2018-11-06,web,139726
2018-11-07,Android,23229
2018-11-07,iOS,74851
2018-11-07,mobile_web,29925
2018-11-07,web,154042
2018-11-08,Android,24977
2018-11-08,iOS,53372
2018-11-08,mobile_web,26667
2018-11-08,web,125612
2018-11-09,Android,23064
2018-11-09,iOS,60469
2018-11-09,mobile_web,30077
2018-11-09,web,140064
2018-11-10,Android,23505
2018-11-10,iOS,54459
2018-11-10,mobile_web,27611
2018-11-10,web,101260
2018-11-11,Android,23926
2018-11-11,iOS,61498
2018-11-11,mobile_web,32443
2018-11-11,web,135396
2018-11-12,Android,25855
2018-11-12,iOS,64896
2018-11-12,mobile_web,26404
2018-11-12,web,145997
2018-11-13,Android,24530
2018-11-13,iOS,66639
2018-11-13,mobile_web,28943
2018-11-13,web,106508
2018-11-14,Android,29485
2018-11-14,iOS,72949
2018-11-14,mobile_web,30298
2018-11-14,web,112058
2018-11-15,Android,29760
2018-11-15,iOS,66073
2018-11-15,mobile_web,25555
2018-11-15,web,110221
2018-11-16,Android,24434
2018-11-16,iOS,58267
2018-11-16,mobile_web,24131
2018-11-16,web,108688
2018-11-17,Android,24641
2018-11-17,iOS,53140
2018-11-17,mobile_web,23466
2018-11-17,web,71737
2018-11-18,Android,30507
2018-11-18,iOS,56196
2018-11-18,mobile_web,23747
2018-11-18,web,89428
2018-11-19,Android,29900
2018-11-19,iOS,66847
2018-11-19,mobile_web,29943
2018-11-19,web,125508
2018-11-20,Android,31387
2018-11-20,iOS,58858
2018-11-20,mobile_web,28492
2018-11-20,web,125097
2018-11-21,Android,28645
2018-11-21,iOS,68921
2018-11-21,mobile_web,28536
2018-11-21,web,130487
2018-11-22,Android,29225
2018-11-22,iOS,66228
2018-11-22,mobile_web,29293
2018-11-22,web,118203
2018-11-23,Android,35334
2018-11-23,iOS,86542
2018-11-23,mobile_web,32475
2018-11-23,web,151879
2018-11-24,Android,30656
2018-11-24,iOS,71927
2018-11-24,mobile_web,25343
2018-11-24,web,84767
2018-11-25,Android,29490
2018-11-25,iOS,66332
2018-11-25,mobile_web,23425
2018-11-25,web,79896
2018-11-26,Android,27266
2018-11-26,iOS,61392
2018-11-26,mobile_web,30073
2018-11-26,web,106716
2018-11-27,Android,27135
2018-11-27,iOS,64429
2018-11-27,mobile_web,29130
2018-11-27,web,98156
2018-11-28,Android,29174
2018-11-28,iOS,64375
2018-11-28,mobile_web,25974
2018-11-28,web,95813
2018-11-29,Android,28031
2018-11-29,iOS,67936
2018-11-29,mobile_web,22992
2018-11-29,web,97286
2018-11-30,Android,28572
2018-11-30,iOS,57109
2018-11-30,mobile_web,24814
2018-11-30,web,86200
2018-12-01,Android,29254
2018-12-01,iOS,63582
2018-12-01,mobile_web,27417
2018-12-01,web,72908
2018-12-02,Android,26386
2018-12-02,iOS,65716
2018-12-02,mobile_web,30189
2018-12-02,web,70318
2018-12-03,Android,27923
2018-12-03,iOS,74525
2018-12-03,mobile_web,29336
2018-12-03,web,108211
2018-12-04,Android,31010
2018-12-04,iOS,67053
2018-12-04,mobile_web,28585
2018-12-04,web,97821
2018-12-05,Android,27027
2018-12-05,iOS,68049
2018-12-05,mobile_web,25861
2018-12-05,web,102302
2018-12-06,Android,26960
2018-12-06,iOS,67424
2018-12-06,mobile_web,23989
2018-12-06,web,111086
2018-12-07,Android,23490
2018-12-07,iOS,54387
2018-12-07,mobile_web,26970
2018-12-07,web,87172
2018-12-08,Android,28460
2018-12-08,iOS,59570
2018-12-08,mobile_web,24081
2018-12-08,web,66944
2018-12-09,Android,29304
2018-12-09,iOS,60820
2018-12-09,mobile_web,30984
2018-12-09,web,73094
2018-12-10,Android,25954
2018-12-10,iOS,77358
2018-12-10,mobile_web,26489
2018-12-10,web,132783
2018-12-11,Android,29257
2018-12-11,iOS,71619
2018-12-11,mobile_web,24429
2018-12-11,web,129528
2018-12-12,Android,27164
2018-12-12,iOS,75222
2018-12-12,mobile_web,27463
2018-12-12,web,128455
2018-12-13,Android,27486
2018-12-13,iOS,56178
2018-12-13,mobile_web,27332
2018-12-13,web,114508
2018-12-14,Android,30048
2018-12-14,iOS,52576
2018-12-14,mobile_web,23164
2018-12-14,web,104136
2018-12-15,Android,25788
2018-12-15,iOS,59213
2018-12-15,mobile_web,25806
2018-12-15,web,100612
2018-12-16,Android,27233
2018-12-16,iOS,53908
2018-12-16,mobile_web,26107
2018-12-16,web,113805
2018-12-17,Android,29691
2018-12-17,iOS,71615
2018-12-17,mobile_web,26656
2018-12-17,web,148386
2018-12-18,Android,26935
2018-12-18,iOS,71147
2018-12-18,mobile_web,29780
2018-12-18,web,107845
2018-12-19,Android,25272
2018-12-19,iOS,58117
2018-12-19,mobile_web,23577
2018-12-19,web,122345
2018-12-20,Android,25685
2018-12-20,iOS,50991
2018-12-20,mobile_web,24958
2018-12-20,web,115888
2018-12-21,Android,28700
2018-12-21,iOS,54903
2018-12-21,mobile_web,22110
2018-12-21,web,98258
2018-12-22,Android,24481
2018-12-22,iOS,59799
2018-12-22,mobile_web,22321
2018-12-22,web,83497
2018-12-23,Android,23416
2018-12-23,iOS,49910
2018-12-23,mobile_web,23937
2018-12-23,web,90247
2018-12-24,Android,26044
2018-12-24,iOS,54603
2018-12-24,mobile_web,28508
2018-12-24,web,123044
2018-12-25,Android,29771
2018-12-25,iOS,61390
2018-12-25,mobile_web,26622
2018-12-25,web,103487
2018-12-26,Android,27892
2018-12-26,iOS,64896
2018-12-26,mobile_web,25065
2018-12-26,web,104598
2018-12-27,Android,29327
2018-12-27,iOS,59332
2018-12-27,mobile_web,26033
2018-12-27,web,111120
2018-12-28,Android,25078
2018-12-28,iOS,61249
2018-12-28,mobile_web,23077
2018-12-28,web,93048
2018-12-29,Android,25013
2018-12-29,iOS,67328
2018-12-29,mobile_web,25170
2018-12-29,web,90239
2018-12-30,Android,22245
2018-12-30,iOS,52712
2018-12-30,mobile_web,24886
2018-12-30,web,74387
2018-12-31,Android,18125
2018-12-31,iOS,36215
2018-12-31,mobile_web,15476
2018-12-31,web,60397